CPT_code_1,CPT_code_2,In_Existence,Effective_Date,Deletion_Date,Modifier,PTP_Edit_Rationale
26992,0814T,,20240401,*,0,CPT Manual or CMS manual coding instruction
27278,36591,,20240701,*,0,CPT Manual or CMS manual coding instruction
27278,36592,,20240701,*,0,CPT Manual or CMS manual coding instruction
27278,69990,,20240701,*,0,Misuse of Column Two code with Column One code
27278,96523,,20240701,*,0,CPT Manual or CMS manual coding instruction
27278,99446,,20240701,*,0,CPT Manual or CMS manual coding instruction
27278,99447,,20240701,*,0,CPT Manual or CMS manual coding instruction
27278,99448,,20240701,*,0,CPT Manual or CMS manual coding instruction
27278,99449,,20240701,*,0,CPT Manual or CMS manual coding instruction
27278,99451,,20240701,*,0,CPT Manual or CMS manual coding instruction
27278,99452,,20240701,*,0,CPT Manual or CMS manual coding instruction
27278,99495,,20240701,*,0,CPT Manual or CMS manual coding instruction
27278,99496,,20240701,*,0,CPT Manual or CMS manual coding instruction
29000,64466,,20250401,*,0,Misuse of Column Two code with Column One code
29000,64467,,20250401,*,0,Misuse of Column Two code with Column One code
29000,64468,,20250401,*,0,Misuse of Column Two code with Column One code
29000,64469,,20250401,*,0,Misuse of Column Two code with Column One code
29010,64466,,20250401,*,0,Misuse of Column Two code with Column One code
29010,64467,,20250401,*,0,Misuse of Column Two code with Column One code
29010,64468,,20250401,*,0,Misuse of Column Two code with Column One code
29010,64469,,20250401,*,0,Misuse of Column Two code with Column One code
29015,64466,,20250401,*,0,Misuse of Column Two code with Column One code
29015,64467,,20250401,*,0,Misuse of Column Two code with Column One code
29015,64468,,20250401,*,0,Misuse of Column Two code with Column One code
29015,64469,,20250401,*,0,Misuse of Column Two code with Column One code
29035,64466,,20250401,*,0,Misuse of Column Two code with Column One code
29035,64467,,20250401,*,0,Misuse of Column Two code with Column One code
29035,64468,,20250401,*,0,Misuse of Column Two code with Column One code
29035,64469,,20250401,*,0,Misuse of Column Two code with Column One code
29040,64466,,20250401,*,0,Misuse of Column Two code with Column One code
29040,64467,,20250401,*,0,Misuse of Column Two code with Column One code
29040,64468,,20250401,*,0,Misuse of Column Two code with Column One code
29040,64469,,20250401,*,0,Misuse of Column Two code with Column One code
29044,64466,,20250401,*,0,Misuse of Column Two code with Column One code
29044,64467,,20250401,*,0,Misuse of Column Two code with Column One code
29044,64468,,20250401,*,0,Misuse of Column Two code with Column One code
29044,64469,,20250401,*,0,Misuse of Column Two code with Column One code
29046,64466,,20250401,*,0,Misuse of Column Two code with Column One code
29046,64467,,20250401,*,0,Misuse of Column Two code with Column One code
29046,64468,,20250401,*,0,Misuse of Column Two code with Column One code
29046,64469,,20250401,*,0,Misuse of Column Two code with Column One code
29200,64466,,20250401,*,0,Misuse of Column Two code with Column One code
29200,64467,,20250401,*,0,Misuse of Column Two code with Column One code
29200,64468,,20250401,*,0,Misuse of Column Two code with Column One code
29200,64469,,20250401,*,0,Misuse of Column Two code with Column One code
30400,64466,,20250401,*,0,Misuse of Column Two code with Column One code
30400,64467,,20250401,*,0,Misuse of Column Two code with Column One code
30400,64468,,20250401,*,0,Misuse of Column Two code with Column One code
30400,64469,,20250401,*,0,Misuse of Column Two code with Column One code
30400,64473,,20250401,*,0,Misuse of Column Two code with Column One code
30400,64474,,20250401,*,0,Misuse of Column Two code with Column One code
30420,30469,,20230101,*,0,More extensive procedure
30430,64466,,20250401,*,0,Misuse of Column Two code with Column One code
30430,64467,,20250401,*,0,Misuse of Column Two code with Column One code
30430,64468,,20250401,*,0,Misuse of Column Two code with Column One code
30430,64469,,20250401,*,0,Misuse of Column Two code with Column One code
30430,64473,,20250401,*,0,Misuse of Column Two code with Column One code
30430,64474,,20250401,*,0,Misuse of Column Two code with Column One code
30462,30469,,20230101,*,0,More extensive procedure
30469,0213T,,20230101,*,0,Misuse of Column Two code with Column One code
30469,0216T,,20230101,*,0,Misuse of Column Two code with Column One code
30469,30400,,20230101,*,0,More extensive procedure
30469,30468,,20230101,*,0,Mutually exclusive procedures
30469,36591,,20230101,*,0,CPT Manual or CMS manual coding instruction
30469,36592,,20230101,*,0,CPT Manual or CMS manual coding instruction
30469,62320,,20230101,*,0,Misuse of Column Two code with Column One code
30469,62321,,20230101,*,0,Misuse of Column Two code with Column One code
30469,62322,,20230101,*,0,Misuse of Column Two code with Column One code
30469,62323,,20230101,*,0,Misuse of Column Two code with Column One code
30469,62324,,20230101,*,0,Misuse of Column Two code with Column One code
30469,62325,,20230101,*,0,Misuse of Column Two code with Column One code
30469,62326,,20230101,*,0,Misuse of Column Two code with Column One code
30469,62327,,20230101,*,0,Misuse of Column Two code with Column One code
30469,64400,,20230101,*,0,Misuse of Column Two code with Column One code
30469,64405,,20230101,*,0,Misuse of Column Two code with Column One code
30469,64408,,20230101,*,0,Misuse of Column Two code with Column One code
30469,64415,,20230101,*,0,Misuse of Column Two code with Column One code
30469,64416,,20230101,*,0,Misuse of Column Two code with Column One code
30469,64417,,20230101,*,0,Misuse of Column Two code with Column One code
30469,64418,,20230101,*,0,Misuse of Column Two code with Column One code
30469,64420,,20230101,*,0,Misuse of Column Two code with Column One code
30469,64421,,20230101,*,0,Misuse of Column Two code with Column One code
30469,64425,,20230101,*,0,Misuse of Column Two code with Column One code
30469,64430,,20230101,*,0,Misuse of Column Two code with Column One code
30469,64435,,20230101,*,0,Misuse of Column Two code with Column One code
30469,64445,,20230101,*,0,Misuse of Column Two code with Column One code
30469,64446,,20230101,*,0,Misuse of Column Two code with Column One code
30469,64447,,20230101,*,0,Misuse of Column Two code with Column One code
30469,64448,,20230101,*,0,Misuse of Column Two code with Column One code
30469,64449,,20230101,*,0,Misuse of Column Two code with Column One code
30469,64450,,20230101,*,0,Misuse of Column Two code with Column One code
30469,64451,,20230101,*,0,Standards of medical/surgical practice
30469,64454,,20230101,*,0,Misuse of Column Two code with Column One code
30469,64461,,20230101,*,0,Misuse of Column Two code with Column One code
30469,64462,,20230101,*,0,Misuse of Column Two code with Column One code
30469,64463,,20230101,*,0,Misuse of Column Two code with Column One code
30469,64479,,20230101,*,0,Misuse of Column Two code with Column One code
30469,64480,,20230101,*,0,Misuse of Column Two code with Column One code
30469,64483,,20230101,*,0,Misuse of Column Two code with Column One code
30469,64484,,20230101,*,0,Misuse of Column Two code with Column One code
30469,64486,,20230101,*,0,Misuse of Column Two code with Column One code
30469,64487,,20230101,*,0,Misuse of Column Two code with Column One code
30469,64488,,20230101,*,0,Misuse of Column Two code with Column One code
30469,64489,,20230101,*,0,Misuse of Column Two code with Column One code
30469,64490,,20230101,*,0,Misuse of Column Two code with Column One code
30469,64491,,20230101,*,0,Misuse of Column Two code with Column One code
30469,64492,,20230101,*,0,Misuse of Column Two code with Column One code
30469,64493,,20230101,*,0,Misuse of Column Two code with Column One code
30469,64494,,20230101,*,0,Misuse of Column Two code with Column One code
30469,64495,,20230101,*,0,Misuse of Column Two code with Column One code
30469,64505,,20230101,*,0,Misuse of Column Two code with Column One code
30469,64510,,20230101,*,0,Misuse of Column Two code with Column One code
30469,64517,,20230101,*,0,Misuse of Column Two code with Column One code
30469,64520,,20230101,*,0,Misuse of Column Two code with Column One code
30469,64530,,20230101,*,0,Misuse of Column Two code with Column One code
30469,69990,,20230101,*,0,Misuse of Column Two code with Column One code
30469,92502,,20230101,*,0,Standards of medical/surgical practice
30469,96523,,20230101,*,0,CPT Manual or CMS manual coding instruction
30469,99155,,20230101,*,0,Misuse of Column Two code with Column One code
30469,99156,,20230101,*,0,Misuse of Column Two code with Column One code
30469,99157,,20230101,*,0,Misuse of Column Two code with Column One code
30469,99446,,20230101,*,0,CPT Manual or CMS manual coding instruction
30469,99447,,20230101,*,0,CPT Manual or CMS manual coding instruction
30469,99448,,20230101,*,0,CPT Manual or CMS manual coding instruction
30469,99449,,20230101,*,0,CPT Manual or CMS manual coding instruction
30469,99451,,20230101,*,0,CPT Manual or CMS manual coding instruction
30469,99452,,20230101,*,0,CPT Manual or CMS manual coding instruction
30469,99495,,20230101,*,0,CPT Manual or CMS manual coding instruction
30469,99496,,20230101,*,0,CPT Manual or CMS manual coding instruction
31242,31231,,20240401,*,0,CPT Separate procedure definition
31242,36591,,20240701,*,0,CPT Manual or CMS manual coding instruction
31242,36592,,20240701,*,0,CPT Manual or CMS manual coding instruction
31242,69990,,20240701,*,0,Misuse of Column Two code with Column One code
31242,92511,,20240401,*,0,CPT Separate procedure definition
31242,96523,,20240701,*,0,CPT Manual or CMS manual coding instruction
31243,31231,,20240401,*,0,CPT Separate procedure definition
31243,36591,,20240701,*,0,CPT Manual or CMS manual coding instruction
31243,36592,,20240701,*,0,CPT Manual or CMS manual coding instruction
31243,69990,,20240701,*,0,Misuse of Column Two code with Column One code
31243,92511,,20240401,*,0,CPT Separate procedure definition
31243,96523,,20240701,*,0,CPT Manual or CMS manual coding instruction
31622,64466,,20250401,*,0,Misuse of Column Two code with Column One code
31622,64467,,20250401,*,0,Misuse of Column Two code with Column One code
31622,64468,,20250401,*,0,Misuse of Column Two code with Column One code
31622,64469,,20250401,*,0,Misuse of Column Two code with Column One code
31623,64466,,20250401,*,0,Misuse of Column Two code with Column One code
31623,64467,,20250401,*,0,Misuse of Column Two code with Column One code
31623,64468,,20250401,*,0,Misuse of Column Two code with Column One code
31623,64469,,20250401,*,0,Misuse of Column Two code with Column One code
31624,64466,,20250401,*,0,Misuse of Column Two code with Column One code
31624,64467,,20250401,*,0,Misuse of Column Two code with Column One code
31624,64468,,20250401,*,0,Misuse of Column Two code with Column One code
31624,64469,,20250401,*,0,Misuse of Column Two code with Column One code
31625,64466,,20250401,*,0,Misuse of Column Two code with Column One code
31625,64467,,20250401,*,0,Misuse of Column Two code with Column One code
31625,64468,,20250401,*,0,Misuse of Column Two code with Column One code
31625,64469,,20250401,*,0,Misuse of Column Two code with Column One code
31626,64466,,20250401,*,0,Misuse of Column Two code with Column One code
31626,64467,,20250401,*,0,Misuse of Column Two code with Column One code
31626,64468,,20250401,*,0,Misuse of Column Two code with Column One code
31626,64469,,20250401,*,0,Misuse of Column Two code with Column One code
31628,64466,,20250401,*,0,Misuse of Column Two code with Column One code
31628,64467,,20250401,*,0,Misuse of Column Two code with Column One code
31628,64468,,20250401,*,0,Misuse of Column Two code with Column One code
31628,64469,,20250401,*,0,Misuse of Column Two code with Column One code
31629,64466,,20250401,*,0,Misuse of Column Two code with Column One code
31629,64467,,20250401,*,0,Misuse of Column Two code with Column One code
31629,64468,,20250401,*,0,Misuse of Column Two code with Column One code
31629,64469,,20250401,*,0,Misuse of Column Two code with Column One code
31630,64466,,20250401,*,0,Misuse of Column Two code with Column One code
31630,64467,,20250401,*,0,Misuse of Column Two code with Column One code
31630,64468,,20250401,*,0,Misuse of Column Two code with Column One code
31630,64469,,20250401,*,0,Misuse of Column Two code with Column One code
31631,64466,,20250401,*,0,Misuse of Column Two code with Column One code
31631,64467,,20250401,*,0,Misuse of Column Two code with Column One code
31631,64468,,20250401,*,0,Misuse of Column Two code with Column One code
31631,64469,,20250401,*,0,Misuse of Column Two code with Column One code
31634,64466,,20250401,*,0,Misuse of Column Two code with Column One code
31634,64467,,20250401,*,0,Misuse of Column Two code with Column One code
31634,64468,,20250401,*,0,Misuse of Column Two code with Column One code
31634,64469,,20250401,*,0,Misuse of Column Two code with Column One code
31635,64466,,20250401,*,0,Misuse of Column Two code with Column One code
31635,64467,,20250401,*,0,Misuse of Column Two code with Column One code
31635,64468,,20250401,*,0,Misuse of Column Two code with Column One code
31635,64469,,20250401,*,0,Misuse of Column Two code with Column One code
31636,64466,,20250401,*,0,Misuse of Column Two code with Column One code
31636,64467,,20250401,*,0,Misuse of Column Two code with Column One code
31636,64468,,20250401,*,0,Misuse of Column Two code with Column One code
31636,64469,,20250401,*,0,Misuse of Column Two code with Column One code
31638,64466,,20250401,*,0,Misuse of Column Two code with Column One code
31638,64467,,20250401,*,0,Misuse of Column Two code with Column One code
31638,64468,,20250401,*,0,Misuse of Column Two code with Column One code
31638,64469,,20250401,*,0,Misuse of Column Two code with Column One code
31640,64466,,20250401,*,0,Misuse of Column Two code with Column One code
31640,64467,,20250401,*,0,Misuse of Column Two code with Column One code
31640,64468,,20250401,*,0,Misuse of Column Two code with Column One code
31640,64469,,20250401,*,0,Misuse of Column Two code with Column One code
31641,64466,,20250401,*,0,Misuse of Column Two code with Column One code
31641,64467,,20250401,*,0,Misuse of Column Two code with Column One code
31641,64468,,20250401,*,0,Misuse of Column Two code with Column One code
31641,64469,,20250401,*,0,Misuse of Column Two code with Column One code
31643,64466,,20250401,*,0,Misuse of Column Two code with Column One code
31643,64467,,20250401,*,0,Misuse of Column Two code with Column One code
31643,64468,,20250401,*,0,Misuse of Column Two code with Column One code
31643,64469,,20250401,*,0,Misuse of Column Two code with Column One code
31645,64466,,20250401,*,0,Misuse of Column Two code with Column One code
31645,64467,,20250401,*,0,Misuse of Column Two code with Column One code
31645,64468,,20250401,*,0,Misuse of Column Two code with Column One code
31645,64469,,20250401,*,0,Misuse of Column Two code with Column One code
31646,64466,,20250401,*,0,Misuse of Column Two code with Column One code
31646,64467,,20250401,*,0,Misuse of Column Two code with Column One code
31646,64468,,20250401,*,0,Misuse of Column Two code with Column One code
31646,64469,,20250401,*,0,Misuse of Column Two code with Column One code
31647,64466,,20250401,*,0,Misuse of Column Two code with Column One code
31647,64467,,20250401,*,0,Misuse of Column Two code with Column One code
31647,64468,,20250401,*,0,Misuse of Column Two code with Column One code
31647,64469,,20250401,*,0,Misuse of Column Two code with Column One code
31648,64466,,20250401,*,0,Misuse of Column Two code with Column One code
31648,64467,,20250401,*,0,Misuse of Column Two code with Column One code
31648,64468,,20250401,*,0,Misuse of Column Two code with Column One code
31648,64469,,20250401,*,0,Misuse of Column Two code with Column One code
31652,64466,,20250401,*,0,Misuse of Column Two code with Column One code
31652,64467,,20250401,*,0,Misuse of Column Two code with Column One code
31652,64468,,20250401,*,0,Misuse of Column Two code with Column One code
31652,64469,,20250401,*,0,Misuse of Column Two code with Column One code
31653,64466,,20250401,*,0,Misuse of Column Two code with Column One code
31653,64467,,20250401,*,0,Misuse of Column Two code with Column One code
31653,64468,,20250401,*,0,Misuse of Column Two code with Column One code
31653,64469,,20250401,*,0,Misuse of Column Two code with Column One code
31660,64466,,20250401,*,0,Misuse of Column Two code with Column One code
31660,64467,,20250401,*,0,Misuse of Column Two code with Column One code
31660,64468,,20250401,*,0,Misuse of Column Two code with Column One code
31660,64469,,20250401,*,0,Misuse of Column Two code with Column One code
31661,64466,,20250401,*,0,Misuse of Column Two code with Column One code
31661,64467,,20250401,*,0,Misuse of Column Two code with Column One code
31661,64468,,20250401,*,0,Misuse of Column Two code with Column One code
31661,64469,,20250401,*,0,Misuse of Column Two code with Column One code
31717,64466,,20250401,*,0,Misuse of Column Two code with Column One code
31717,64467,,20250401,*,0,Misuse of Column Two code with Column One code
31717,64468,,20250401,*,0,Misuse of Column Two code with Column One code
31717,64469,,20250401,*,0,Misuse of Column Two code with Column One code
31720,64466,,20250401,*,0,Misuse of Column Two code with Column One code
31720,64467,,20250401,*,0,Misuse of Column Two code with Column One code
31720,64468,,20250401,*,0,Misuse of Column Two code with Column One code
31720,64469,,20250401,*,0,Misuse of Column Two code with Column One code
31725,64466,,20250401,*,0,Misuse of Column Two code with Column One code
31725,64467,,20250401,*,0,Misuse of Column Two code with Column One code
31725,64468,,20250401,*,0,Misuse of Column Two code with Column One code
31725,64469,,20250401,*,0,Misuse of Column Two code with Column One code
31760,64466,,20250401,*,0,Misuse of Column Two code with Column One code
31760,64467,,20250401,*,0,Misuse of Column Two code with Column One code
31760,64468,,20250401,*,0,Misuse of Column Two code with Column One code
31760,64469,,20250401,*,0,Misuse of Column Two code with Column One code
31766,64466,,20250401,*,0,Misuse of Column Two code with Column One code
31766,64467,,20250401,*,0,Misuse of Column Two code with Column One code
31766,64468,,20250401,*,0,Misuse of Column Two code with Column One code
31766,64469,,20250401,*,0,Misuse of Column Two code with Column One code
31770,64468,,20250401,*,0,Misuse of Column Two code with Column One code
31770,64469,,20250401,*,0,Misuse of Column Two code with Column One code
31775,64468,,20250401,*,0,Misuse of Column Two code with Column One code
31775,64469,,20250401,*,0,Misuse of Column Two code with Column One code
31786,64466,,20250401,*,0,Misuse of Column Two code with Column One code
31786,64467,,20250401,*,0,Misuse of Column Two code with Column One code
31786,64468,,20250401,*,0,Misuse of Column Two code with Column One code
31786,64469,,20250401,*,0,Misuse of Column Two code with Column One code
31805,64466,,20250401,*,0,Misuse of Column Two code with Column One code
31805,64467,,20250401,*,0,Misuse of Column Two code with Column One code
31805,64468,,20250401,*,0,Misuse of Column Two code with Column One code
31805,64469,,20250401,*,0,Misuse of Column Two code with Column One code
32035,64468,,20250401,*,0,Misuse of Column Two code with Column One code
32035,64469,,20250401,*,0,Misuse of Column Two code with Column One code
32036,64468,,20250401,*,0,Misuse of Column Two code with Column One code
32036,64469,,20250401,*,0,Misuse of Column Two code with Column One code
32096,64468,,20250401,*,0,Misuse of Column Two code with Column One code
32096,64469,,20250401,*,0,Misuse of Column Two code with Column One code
32097,64468,,20250401,*,0,Misuse of Column Two code with Column One code
32097,64469,,20250401,*,0,Misuse of Column Two code with Column One code
32098,64468,,20250401,*,0,Misuse of Column Two code with Column One code
32098,64469,,20250401,*,0,Misuse of Column Two code with Column One code
32100,64468,,20250401,*,0,Misuse of Column Two code with Column One code
32100,64469,,20250401,*,0,Misuse of Column Two code with Column One code
32110,64468,,20250401,*,0,Misuse of Column Two code with Column One code
32110,64469,,20250401,*,0,Misuse of Column Two code with Column One code
32120,64468,,20250401,*,0,Misuse of Column Two code with Column One code
32120,64469,,20250401,*,0,Misuse of Column Two code with Column One code
32124,64468,,20250401,*,0,Misuse of Column Two code with Column One code
32124,64469,,20250401,*,0,Misuse of Column Two code with Column One code
32140,64468,,20250401,*,0,Misuse of Column Two code with Column One code
32140,64469,,20250401,*,0,Misuse of Column Two code with Column One code
32141,64468,,20250401,*,0,Misuse of Column Two code with Column One code
32141,64469,,20250401,*,0,Misuse of Column Two code with Column One code
32150,64468,,20250401,*,0,Misuse of Column Two code with Column One code
32150,64469,,20250401,*,0,Misuse of Column Two code with Column One code
32151,64468,,20250401,*,0,Misuse of Column Two code with Column One code
32151,64469,,20250401,*,0,Misuse of Column Two code with Column One code
32160,64466,,20250401,*,0,Misuse of Column Two code with Column One code
32160,64467,,20250401,*,0,Misuse of Column Two code with Column One code
32160,64468,,20250401,*,0,Misuse of Column Two code with Column One code
32160,64469,,20250401,*,0,Misuse of Column Two code with Column One code
32200,64468,,20250401,*,0,Misuse of Column Two code with Column One code
32200,64469,,20250401,*,0,Misuse of Column Two code with Column One code
32215,64468,,20250401,*,0,Misuse of Column Two code with Column One code
32215,64469,,20250401,*,0,Misuse of Column Two code with Column One code
32220,64468,,20250401,*,0,Misuse of Column Two code with Column One code
32220,64469,,20250401,*,0,Misuse of Column Two code with Column One code
32225,64468,,20250401,*,0,Misuse of Column Two code with Column One code
32225,64469,,20250401,*,0,Misuse of Column Two code with Column One code
32310,64468,,20250401,*,0,Misuse of Column Two code with Column One code
32310,64469,,20250401,*,0,Misuse of Column Two code with Column One code
32320,64468,,20250401,*,0,Misuse of Column Two code with Column One code
32320,64469,,20250401,*,0,Misuse of Column Two code with Column One code
32400,64468,,20250401,*,0,Misuse of Column Two code with Column One code
32400,64469,,20250401,*,0,Misuse of Column Two code with Column One code
32408,64468,,20250401,*,0,Misuse of Column Two code with Column One code
32408,64469,,20250401,*,0,Misuse of Column Two code with Column One code
32440,64468,,20250401,*,0,Misuse of Column Two code with Column One code
32440,64469,,20250401,*,0,Misuse of Column Two code with Column One code
32442,64468,,20250401,*,0,Misuse of Column Two code with Column One code
32442,64469,,20250401,*,0,Misuse of Column Two code with Column One code
32445,64468,,20250401,*,0,Misuse of Column Two code with Column One code
32445,64469,,20250401,*,0,Misuse of Column Two code with Column One code
32480,64468,,20250401,*,0,Misuse of Column Two code with Column One code
32480,64469,,20250401,*,0,Misuse of Column Two code with Column One code
32482,64468,,20250401,*,0,Misuse of Column Two code with Column One code
32482,64469,,20250401,*,0,Misuse of Column Two code with Column One code
32484,64468,,20250401,*,0,Misuse of Column Two code with Column One code
32484,64469,,20250401,*,0,Misuse of Column Two code with Column One code
32486,64468,,20250401,*,0,Misuse of Column Two code with Column One code
32486,64469,,20250401,*,0,Misuse of Column Two code with Column One code
32488,64468,,20250401,*,0,Misuse of Column Two code with Column One code
32488,64469,,20250401,*,0,Misuse of Column Two code with Column One code
32491,64468,,20250401,*,0,Misuse of Column Two code with Column One code
32491,64469,,20250401,*,0,Misuse of Column Two code with Column One code
32503,64468,,20250401,*,0,Misuse of Column Two code with Column One code
32503,64469,,20250401,*,0,Misuse of Column Two code with Column One code
32504,64468,,20250401,*,0,Misuse of Column Two code with Column One code
32504,64469,,20250401,*,0,Misuse of Column Two code with Column One code
32505,64468,,20250401,*,0,Misuse of Column Two code with Column One code
32505,64469,,20250401,*,0,Misuse of Column Two code with Column One code
32540,64468,,20250401,*,0,Misuse of Column Two code with Column One code
32540,64469,,20250401,*,0,Misuse of Column Two code with Column One code
32550,64468,,20250401,*,0,Misuse of Column Two code with Column One code
32550,64469,,20250401,*,0,Misuse of Column Two code with Column One code
32551,64468,,20250401,*,0,Misuse of Column Two code with Column One code
32551,64469,,20250401,*,0,Misuse of Column Two code with Column One code
32552,64468,,20250401,*,0,Misuse of Column Two code with Column One code
32552,64469,,20250401,*,0,Misuse of Column Two code with Column One code
32553,64468,,20250401,*,0,Misuse of Column Two code with Column One code
32553,64469,,20250401,*,0,Misuse of Column Two code with Column One code
32554,64468,,20250401,*,0,Misuse of Column Two code with Column One code
32554,64469,,20250401,*,0,Misuse of Column Two code with Column One code
32555,64468,,20250401,*,0,Misuse of Column Two code with Column One code
32555,64469,,20250401,*,0,Misuse of Column Two code with Column One code
32556,64468,,20250401,*,0,Misuse of Column Two code with Column One code
32556,64469,,20250401,*,0,Misuse of Column Two code with Column One code
32557,64468,,20250401,*,0,Misuse of Column Two code with Column One code
32557,64469,,20250401,*,0,Misuse of Column Two code with Column One code
32560,64468,,20250401,*,0,Misuse of Column Two code with Column One code
32560,64469,,20250401,*,0,Misuse of Column Two code with Column One code
32561,64468,,20250401,*,0,Misuse of Column Two code with Column One code
32561,64469,,20250401,*,0,Misuse of Column Two code with Column One code
32562,64468,,20250401,*,0,Misuse of Column Two code with Column One code
32562,64469,,20250401,*,0,Misuse of Column Two code with Column One code
32601,64468,,20250401,*,0,Misuse of Column Two code with Column One code
32601,64469,,20250401,*,0,Misuse of Column Two code with Column One code
32604,64466,,20250401,*,0,Misuse of Column Two code with Column One code
32604,64467,,20250401,*,0,Misuse of Column Two code with Column One code
32604,64468,,20250401,*,0,Misuse of Column Two code with Column One code
32604,64469,,20250401,*,0,Misuse of Column Two code with Column One code
32606,64466,,20250401,*,0,Misuse of Column Two code with Column One code
32606,64467,,20250401,*,0,Misuse of Column Two code with Column One code
32606,64468,,20250401,*,0,Misuse of Column Two code with Column One code
32606,64469,,20250401,*,0,Misuse of Column Two code with Column One code
32607,64468,,20250401,*,0,Misuse of Column Two code with Column One code
32607,64469,,20250401,*,0,Misuse of Column Two code with Column One code
32608,64468,,20250401,*,0,Misuse of Column Two code with Column One code
32608,64469,,20250401,*,0,Misuse of Column Two code with Column One code
32609,64468,,20250401,*,0,Misuse of Column Two code with Column One code
32609,64469,,20250401,*,0,Misuse of Column Two code with Column One code
32650,64468,,20250401,*,0,Misuse of Column Two code with Column One code
32650,64469,,20250401,*,0,Misuse of Column Two code with Column One code
32651,64468,,20250401,*,0,Misuse of Column Two code with Column One code
32651,64469,,20250401,*,0,Misuse of Column Two code with Column One code
32652,64468,,20250401,*,0,Misuse of Column Two code with Column One code
32652,64469,,20250401,*,0,Misuse of Column Two code with Column One code
32653,64468,,20250401,*,0,Misuse of Column Two code with Column One code
32653,64469,,20250401,*,0,Misuse of Column Two code with Column One code
32654,64468,,20250401,*,0,Misuse of Column Two code with Column One code
32654,64469,,20250401,*,0,Misuse of Column Two code with Column One code
32655,64468,,20250401,*,0,Misuse of Column Two code with Column One code
32655,64469,,20250401,*,0,Misuse of Column Two code with Column One code
32656,64468,,20250401,*,0,Misuse of Column Two code with Column One code
32656,64469,,20250401,*,0,Misuse of Column Two code with Column One code
32658,64466,,20250401,*,0,Misuse of Column Two code with Column One code
32658,64467,,20250401,*,0,Misuse of Column Two code with Column One code
32658,64468,,20250401,*,0,Misuse of Column Two code with Column One code
32658,64469,,20250401,*,0,Misuse of Column Two code with Column One code
32659,64466,,20250401,*,0,Misuse of Column Two code with Column One code
32659,64467,,20250401,*,0,Misuse of Column Two code with Column One code
32659,64468,,20250401,*,0,Misuse of Column Two code with Column One code
32659,64469,,20250401,*,0,Misuse of Column Two code with Column One code
32661,64466,,20250401,*,0,Misuse of Column Two code with Column One code
32661,64467,,20250401,*,0,Misuse of Column Two code with Column One code
32661,64468,,20250401,*,0,Misuse of Column Two code with Column One code
32661,64469,,20250401,*,0,Misuse of Column Two code with Column One code
32662,64466,,20250401,*,0,Misuse of Column Two code with Column One code
32662,64467,,20250401,*,0,Misuse of Column Two code with Column One code
32662,64468,,20250401,*,0,Misuse of Column Two code with Column One code
32662,64469,,20250401,*,0,Misuse of Column Two code with Column One code
32663,64468,,20250401,*,0,Misuse of Column Two code with Column One code
32663,64469,,20250401,*,0,Misuse of Column Two code with Column One code
32664,64468,,20250401,*,0,Misuse of Column Two code with Column One code
32664,64469,,20250401,*,0,Misuse of Column Two code with Column One code
32665,64468,,20250401,*,0,Misuse of Column Two code with Column One code
32665,64469,,20250401,*,0,Misuse of Column Two code with Column One code
32666,64468,,20250401,*,0,Misuse of Column Two code with Column One code
32666,64469,,20250401,*,0,Misuse of Column Two code with Column One code
32669,64468,,20250401,*,0,Misuse of Column Two code with Column One code
32669,64469,,20250401,*,0,Misuse of Column Two code with Column One code
32670,64468,,20250401,*,0,Misuse of Column Two code with Column One code
32670,64469,,20250401,*,0,Misuse of Column Two code with Column One code
32671,64468,,20250401,*,0,Misuse of Column Two code with Column One code
32671,64469,,20250401,*,0,Misuse of Column Two code with Column One code
32672,64468,,20250401,*,0,Misuse of Column Two code with Column One code
32672,64469,,20250401,*,0,Misuse of Column Two code with Column One code
32673,64468,,20250401,*,0,Misuse of Column Two code with Column One code
32673,64469,,20250401,*,0,Misuse of Column Two code with Column One code
32800,64468,,20250401,*,0,Misuse of Column Two code with Column One code
32800,64469,,20250401,*,0,Misuse of Column Two code with Column One code
32810,64468,,20250401,*,0,Misuse of Column Two code with Column One code
32810,64469,,20250401,*,0,Misuse of Column Two code with Column One code
32815,64468,,20250401,*,0,Misuse of Column Two code with Column One code
32815,64469,,20250401,*,0,Misuse of Column Two code with Column One code
32820,64468,,20250401,*,0,Misuse of Column Two code with Column One code
32820,64469,,20250401,*,0,Misuse of Column Two code with Column One code
32850,64466,,20250401,*,0,Anesthesia service included in surgical procedure
32850,64467,,20250401,*,0,Anesthesia service included in surgical procedure
32850,64468,,20250401,*,0,Anesthesia service included in surgical procedure
32850,64469,,20250401,*,0,Anesthesia service included in surgical procedure
32850,64473,,20250401,*,0,Misuse of Column Two code with Column One code
32850,64474,,20250401,*,0,Misuse of Column Two code with Column One code
32851,64468,,20250401,*,0,Misuse of Column Two code with Column One code
32851,64469,,20250401,*,0,Misuse of Column Two code with Column One code
32852,64468,,20250401,*,0,Misuse of Column Two code with Column One code
32852,64469,,20250401,*,0,Misuse of Column Two code with Column One code
32853,64466,,20250401,*,0,Misuse of Column Two code with Column One code
32853,64467,,20250401,*,0,Misuse of Column Two code with Column One code
32853,64468,,20250401,*,0,Misuse of Column Two code with Column One code
32853,64469,,20250401,*,0,Misuse of Column Two code with Column One code
32854,64466,,20250401,*,0,Misuse of Column Two code with Column One code
32854,64467,,20250401,*,0,Misuse of Column Two code with Column One code
32854,64468,,20250401,*,0,Misuse of Column Two code with Column One code
32854,64469,,20250401,*,0,Misuse of Column Two code with Column One code
32855,64466,,20250401,*,0,Anesthesia service included in surgical procedure
32855,64467,,20250401,*,0,Anesthesia service included in surgical procedure
32855,64468,,20250401,*,0,Anesthesia service included in surgical procedure
32855,64469,,20250401,*,0,Anesthesia service included in surgical procedure
32856,64466,,20250401,*,0,Anesthesia service included in surgical procedure
32856,64467,,20250401,*,0,Anesthesia service included in surgical procedure
32856,64468,,20250401,*,0,Anesthesia service included in surgical procedure
32856,64469,,20250401,*,0,Anesthesia service included in surgical procedure
32900,64468,,20250401,*,0,Misuse of Column Two code with Column One code
32900,64469,,20250401,*,0,Misuse of Column Two code with Column One code
32905,64468,,20250401,*,0,Misuse of Column Two code with Column One code
32905,64469,,20250401,*,0,Misuse of Column Two code with Column One code
32906,64468,,20250401,*,0,Misuse of Column Two code with Column One code
32906,64469,,20250401,*,0,Misuse of Column Two code with Column One code
32940,64468,,20250401,*,0,Misuse of Column Two code with Column One code
32940,64469,,20250401,*,0,Misuse of Column Two code with Column One code
32960,64468,,20250401,*,0,Misuse of Column Two code with Column One code
32960,64469,,20250401,*,0,Misuse of Column Two code with Column One code
32994,64468,,20250401,*,0,Misuse of Column Two code with Column One code
32994,64469,,20250401,*,0,Misuse of Column Two code with Column One code
32997,64468,,20250401,*,0,Misuse of Column Two code with Column One code
32997,64469,,20250401,*,0,Misuse of Column Two code with Column One code
32998,64468,,20250401,*,0,Misuse of Column Two code with Column One code
32998,64469,,20250401,*,0,Misuse of Column Two code with Column One code
33016,64466,,20250401,*,0,Misuse of Column Two code with Column One code
33016,64467,,20250401,*,0,Misuse of Column Two code with Column One code
33016,64468,,20250401,*,0,Misuse of Column Two code with Column One code
33016,64469,,20250401,*,0,Misuse of Column Two code with Column One code
33017,64466,,20250701,*,0,Misuse of Column Two code with Column One code
33018,64466,,20250701,*,0,Misuse of Column Two code with Column One code
33019,64466,,20250701,*,0,Misuse of Column Two code with Column One code
33020,64466,,20250401,*,0,Misuse of Column Two code with Column One code
33020,64467,,20250401,*,0,Misuse of Column Two code with Column One code
33020,64468,,20250401,*,0,Misuse of Column Two code with Column One code
33020,64469,,20250401,*,0,Misuse of Column Two code with Column One code
33025,64466,,20250401,*,0,Misuse of Column Two code with Column One code
33025,64467,,20250401,*,0,Misuse of Column Two code with Column One code
33025,64468,,20250401,*,0,Misuse of Column Two code with Column One code
33025,64469,,20250401,*,0,Misuse of Column Two code with Column One code
33030,64466,,20250401,*,0,Misuse of Column Two code with Column One code
33030,64467,,20250401,*,0,Misuse of Column Two code with Column One code
33030,64468,,20250401,*,0,Misuse of Column Two code with Column One code
33030,64469,,20250401,*,0,Misuse of Column Two code with Column One code
33031,64466,,20250401,*,0,Misuse of Column Two code with Column One code
33031,64467,,20250401,*,0,Misuse of Column Two code with Column One code
33031,64468,,20250401,*,0,Misuse of Column Two code with Column One code
33031,64469,,20250401,*,0,Misuse of Column Two code with Column One code
33050,64466,,20250401,*,0,Misuse of Column Two code with Column One code
33050,64467,,20250401,*,0,Misuse of Column Two code with Column One code
33050,64468,,20250401,*,0,Misuse of Column Two code with Column One code
33050,64469,,20250401,*,0,Misuse of Column Two code with Column One code
33120,64466,,20250401,*,0,Misuse of Column Two code with Column One code
33120,64467,,20250401,*,0,Misuse of Column Two code with Column One code
33120,64468,,20250401,*,0,Misuse of Column Two code with Column One code
33120,64469,,20250401,*,0,Misuse of Column Two code with Column One code
33130,64466,,20250401,*,0,Misuse of Column Two code with Column One code
33130,64467,,20250401,*,0,Misuse of Column Two code with Column One code
33130,64468,,20250401,*,0,Misuse of Column Two code with Column One code
33130,64469,,20250401,*,0,Misuse of Column Two code with Column One code
33140,64468,,20250401,*,0,Misuse of Column Two code with Column One code
33140,64469,,20250401,*,0,Misuse of Column Two code with Column One code
33202,64466,,20250401,*,0,Misuse of Column Two code with Column One code
33202,64467,,20250401,*,0,Misuse of Column Two code with Column One code
33202,64468,,20250401,*,0,Misuse of Column Two code with Column One code
33202,64469,,20250401,*,0,Misuse of Column Two code with Column One code
33203,64468,,20250401,*,0,Misuse of Column Two code with Column One code
33203,64469,,20250401,*,0,Misuse of Column Two code with Column One code
33206,0915T,,20250701,*,0,CPT Manual or CMS manual coding instruction
33206,0916T,,20250701,*,0,CPT Manual or CMS manual coding instruction
33206,0917T,,20250701,*,0,CPT Manual or CMS manual coding instruction
33206,0918T,,20250701,*,0,CPT Manual or CMS manual coding instruction
33206,0924T,,20250701,*,0,CPT Manual or CMS manual coding instruction
33206,0925T,,20250701,*,0,CPT Manual or CMS manual coding instruction
33206,0926T,,20250701,*,0,CPT Manual or CMS manual coding instruction
33206,0927T,,20250701,*,0,CPT Manual or CMS manual coding instruction
33206,64468,,20250401,*,0,Misuse of Column Two code with Column One code
33206,64469,,20250401,*,0,Misuse of Column Two code with Column One code
33207,0915T,,20250701,*,0,CPT Manual or CMS manual coding instruction
33207,0916T,,20250701,*,0,CPT Manual or CMS manual coding instruction
33207,0917T,,20250701,*,0,CPT Manual or CMS manual coding instruction
33207,0918T,,20250701,*,0,CPT Manual or CMS manual coding instruction
33207,0925T,,20250701,*,0,CPT Manual or CMS manual coding instruction
33207,0926T,,20250701,*,0,CPT Manual or CMS manual coding instruction
33207,0927T,,20250701,*,0,CPT Manual or CMS manual coding instruction
33207,64468,,20250401,*,0,Misuse of Column Two code with Column One code
33207,64469,,20250401,*,0,Misuse of Column Two code with Column One code
33208,0915T,,20250701,*,0,CPT Manual or CMS manual coding instruction
33208,0916T,,20250701,*,0,CPT Manual or CMS manual coding instruction
33208,0917T,,20250701,*,0,CPT Manual or CMS manual coding instruction
33208,0918T,,20250701,*,0,CPT Manual or CMS manual coding instruction
33208,0924T,,20250701,*,0,CPT Manual or CMS manual coding instruction
33208,0925T,,20250701,*,0,CPT Manual or CMS manual coding instruction
33208,0926T,,20250701,*,0,CPT Manual or CMS manual coding instruction
33208,0927T,,20250701,*,0,CPT Manual or CMS manual coding instruction
33208,64468,,20250401,*,0,Misuse of Column Two code with Column One code
33208,64469,,20250401,*,0,Misuse of Column Two code with Column One code
33210,0915T,,20250701,*,0,CPT Manual or CMS manual coding instruction
33210,0916T,,20250701,*,0,CPT Manual or CMS manual coding instruction
33210,0917T,,20250701,*,0,CPT Manual or CMS manual coding instruction
33210,0918T,,20250701,*,0,CPT Manual or CMS manual coding instruction
33210,0924T,,20250701,*,0,CPT Manual or CMS manual coding instruction
33210,0925T,,20250701,*,0,CPT Manual or CMS manual coding instruction
33210,0926T,,20250701,*,0,CPT Manual or CMS manual coding instruction
33210,0927T,,20250701,*,0,CPT Manual or CMS manual coding instruction
33210,64468,,20250401,*,0,Misuse of Column Two code with Column One code
33210,64469,,20250401,*,0,Misuse of Column Two code with Column One code
33211,0915T,,20250701,*,0,CPT Manual or CMS manual coding instruction
33211,0916T,,20250701,*,0,CPT Manual or CMS manual coding instruction
33211,0917T,,20250701,*,0,CPT Manual or CMS manual coding instruction
33211,0918T,,20250701,*,0,CPT Manual or CMS manual coding instruction
33211,0919T,,20250701,*,0,CPT Manual or CMS manual coding instruction
33211,0924T,,20250701,*,0,CPT Manual or CMS manual coding instruction
33211,0925T,,20250701,*,0,CPT Manual or CMS manual coding instruction
33211,0926T,,20250701,*,0,CPT Manual or CMS manual coding instruction
33211,0927T,,20250701,*,0,CPT Manual or CMS manual coding instruction
33211,64468,,20250401,*,0,Misuse of Column Two code with Column One code
33211,64469,,20250401,*,0,Misuse of Column Two code with Column One code
33212,0915T,,20250701,*,0,CPT Manual or CMS manual coding instruction
33212,0916T,,20250701,*,0,CPT Manual or CMS manual coding instruction
33212,0917T,,20250701,*,0,CPT Manual or CMS manual coding instruction
33212,0918T,,20250701,*,0,CPT Manual or CMS manual coding instruction
33212,0924T,,20250701,*,0,CPT Manual or CMS manual coding instruction
33212,0925T,,20250701,*,0,CPT Manual or CMS manual coding instruction
33212,0926T,,20250701,*,0,CPT Manual or CMS manual coding instruction
33212,0927T,,20250701,*,0,CPT Manual or CMS manual coding instruction
33212,64468,,20250401,*,0,Misuse of Column Two code with Column One code
33212,64469,,20250401,*,0,Misuse of Column Two code with Column One code
33213,0915T,,20250701,*,0,CPT Manual or CMS manual coding instruction
33213,0916T,,20250701,*,0,CPT Manual or CMS manual coding instruction
33213,0917T,,20250701,*,0,CPT Manual or CMS manual coding instruction
33213,0918T,,20250701,*,0,CPT Manual or CMS manual coding instruction
33213,0924T,,20250701,*,0,CPT Manual or CMS manual coding instruction
33213,0925T,,20250701,*,0,CPT Manual or CMS manual coding instruction
33213,0926T,,20250701,*,0,CPT Manual or CMS manual coding instruction
33213,0927T,,20250701,*,0,CPT Manual or CMS manual coding instruction
33213,64468,,20250401,*,0,Misuse of Column Two code with Column One code
33213,64469,,20250401,*,0,Misuse of Column Two code with Column One code
33214,0915T,,20250701,*,0,CPT Manual or CMS manual coding instruction
33214,0916T,,20250701,*,0,CPT Manual or CMS manual coding instruction
33214,0917T,,20250701,*,0,CPT Manual or CMS manual coding instruction
33214,0918T,,20250701,*,0,CPT Manual or CMS manual coding instruction
33214,0919T,,20250701,*,0,CPT Manual or CMS manual coding instruction
33214,0920T,,20250701,*,0,CPT Manual or CMS manual coding instruction
33214,0921T,,20250701,*,0,CPT Manual or CMS manual coding instruction
33214,0922T,,20250701,*,0,CPT Manual or CMS manual coding instruction
33214,0923T,,20250701,*,0,CPT Manual or CMS manual coding instruction
33214,0924T,,20250701,*,0,CPT Manual or CMS manual coding instruction
33214,0925T,,20250701,*,0,CPT Manual or CMS manual coding instruction
33214,0926T,,20250701,*,0,CPT Manual or CMS manual coding instruction
33214,0927T,,20250701,*,0,CPT Manual or CMS manual coding instruction
33214,64468,,20250401,*,0,Misuse of Column Two code with Column One code
33214,64469,,20250401,*,0,Misuse of Column Two code with Column One code
33215,0915T,,20250701,*,0,CPT Manual or CMS manual coding instruction
33215,0916T,,20250701,*,0,CPT Manual or CMS manual coding instruction
33215,0917T,,20250701,*,0,CPT Manual or CMS manual coding instruction
33215,0918T,,20250701,*,0,CPT Manual or CMS manual coding instruction
33215,0919T,,20250701,*,0,CPT Manual or CMS manual coding instruction
33215,0920T,,20250701,*,0,CPT Manual or CMS manual coding instruction
33215,0921T,,20250701,*,0,CPT Manual or CMS manual coding instruction
33215,0922T,,20250701,*,0,CPT Manual or CMS manual coding instruction
33215,0923T,,20250701,*,0,CPT Manual or CMS manual coding instruction
33215,0924T,,20250701,*,0,CPT Manual or CMS manual coding instruction
33215,0925T,,20250701,*,0,CPT Manual or CMS manual coding instruction
33215,0926T,,20250701,*,0,CPT Manual or CMS manual coding instruction
33215,0927T,,20250701,*,0,CPT Manual or CMS manual coding instruction
33215,64468,,20250401,*,0,Misuse of Column Two code with Column One code
33215,64469,,20250401,*,0,Misuse of Column Two code with Column One code
33216,0915T,,20250701,*,0,CPT Manual or CMS manual coding instruction
33216,0916T,,20250701,*,0,CPT Manual or CMS manual coding instruction
33216,0917T,,20250701,*,0,CPT Manual or CMS manual coding instruction
33216,0918T,,20250701,*,0,CPT Manual or CMS manual coding instruction
33216,0919T,,20250701,*,0,CPT Manual or CMS manual coding instruction
33216,0924T,,20250701,*,0,CPT Manual or CMS manual coding instruction
33216,0925T,,20250701,*,0,CPT Manual or CMS manual coding instruction
33216,0926T,,20250701,*,0,CPT Manual or CMS manual coding instruction
33216,0927T,,20250701,*,0,CPT Manual or CMS manual coding instruction
33216,64468,,20250401,*,0,Misuse of Column Two code with Column One code
33216,64469,,20250401,*,0,Misuse of Column Two code with Column One code
33217,0915T,,20250701,*,0,CPT Manual or CMS manual coding instruction
33217,0916T,,20250701,*,0,CPT Manual or CMS manual coding instruction
33217,0917T,,20250701,*,0,CPT Manual or CMS manual coding instruction
33217,0918T,,20250701,*,0,CPT Manual or CMS manual coding instruction
33217,0924T,,20250701,*,0,CPT Manual or CMS manual coding instruction
33217,0925T,,20250701,*,0,CPT Manual or CMS manual coding instruction
33217,0926T,,20250701,*,0,CPT Manual or CMS manual coding instruction
33217,0927T,,20250701,*,0,CPT Manual or CMS manual coding instruction
33217,64468,,20250401,*,0,Misuse of Column Two code with Column One code
33217,64469,,20250401,*,0,Misuse of Column Two code with Column One code
33218,0915T,,20250701,*,0,CPT Manual or CMS manual coding instruction
33218,0916T,,20250701,*,0,CPT Manual or CMS manual coding instruction
33218,0917T,,20250701,*,0,CPT Manual or CMS manual coding instruction
33218,0918T,,20250701,*,0,CPT Manual or CMS manual coding instruction
33218,0919T,,20250701,*,0,Misuse of Column Two code with Column One code
33218,0920T,,20250701,*,0,CPT Manual or CMS manual coding instruction
33218,0921T,,20250701,*,0,CPT Manual or CMS manual coding instruction
33218,0922T,,20250701,*,0,CPT Manual or CMS manual coding instruction
33218,0923T,,20250701,*,0,CPT Manual or CMS manual coding instruction
33218,0924T,,20250701,*,0,CPT Manual or CMS manual coding instruction
33218,0925T,,20250701,*,0,CPT Manual or CMS manual coding instruction
33218,0926T,,20250701,*,0,CPT Manual or CMS manual coding instruction
33218,0927T,,20250701,*,0,CPT Manual or CMS manual coding instruction
33218,64468,,20250401,*,0,Misuse of Column Two code with Column One code
33218,64469,,20250401,*,0,Misuse of Column Two code with Column One code
33220,0915T,,20250701,*,0,CPT Manual or CMS manual coding instruction
33220,0916T,,20250701,*,0,CPT Manual or CMS manual coding instruction
33220,0917T,,20250701,*,0,CPT Manual or CMS manual coding instruction
33220,0918T,,20250701,*,0,CPT Manual or CMS manual coding instruction
33220,0919T,,20250701,*,0,Misuse of Column Two code with Column One code
33220,0921T,,20250701,*,0,CPT Manual or CMS manual coding instruction
33220,0922T,,20250701,*,0,CPT Manual or CMS manual coding instruction
33220,0923T,,20250701,*,0,CPT Manual or CMS manual coding instruction
33220,0924T,,20250701,*,0,CPT Manual or CMS manual coding instruction
33220,0925T,,20250701,*,0,CPT Manual or CMS manual coding instruction
33220,0926T,,20250701,*,0,CPT Manual or CMS manual coding instruction
33220,0927T,,20250701,*,0,CPT Manual or CMS manual coding instruction
33220,64468,,20250401,*,0,Misuse of Column Two code with Column One code
33220,64469,,20250401,*,0,Misuse of Column Two code with Column One code
33221,0915T,,20250701,*,0,CPT Manual or CMS manual coding instruction
33221,0916T,,20250701,*,0,CPT Manual or CMS manual coding instruction
33221,0917T,,20250701,*,0,CPT Manual or CMS manual coding instruction
33221,0918T,,20250701,*,0,CPT Manual or CMS manual coding instruction
33221,0924T,,20250701,*,0,CPT Manual or CMS manual coding instruction
33221,0925T,,20250701,*,0,CPT Manual or CMS manual coding instruction
33221,0926T,,20250701,*,0,CPT Manual or CMS manual coding instruction
33221,0927T,,20250701,*,0,CPT Manual or CMS manual coding instruction
33221,64468,,20250401,*,0,Misuse of Column Two code with Column One code
33221,64469,,20250401,*,0,Misuse of Column Two code with Column One code
33222,0915T,,20250701,*,0,CPT Manual or CMS manual coding instruction
33222,0916T,,20250701,*,0,CPT Manual or CMS manual coding instruction
33222,0917T,,20250701,*,0,CPT Manual or CMS manual coding instruction
33222,0918T,,20250701,*,0,CPT Manual or CMS manual coding instruction
33222,0919T,,20250701,*,0,CPT Manual or CMS manual coding instruction
33222,0920T,,20250701,*,0,CPT Manual or CMS manual coding instruction
33222,0921T,,20250701,*,0,CPT Manual or CMS manual coding instruction
33222,0922T,,20250701,*,0,CPT Manual or CMS manual coding instruction
33222,0923T,,20250701,*,0,CPT Manual or CMS manual coding instruction
33222,0924T,,20250701,*,0,CPT Manual or CMS manual coding instruction
33222,0925T,,20250701,*,0,CPT Manual or CMS manual coding instruction
33222,0926T,,20250701,*,0,CPT Manual or CMS manual coding instruction
33222,0927T,,20250701,*,0,CPT Manual or CMS manual coding instruction
33222,64468,,20250401,*,0,Misuse of Column Two code with Column One code
33222,64469,,20250401,*,0,Misuse of Column Two code with Column One code
33223,0915T,,20250701,*,0,CPT Manual or CMS manual coding instruction
33223,0916T,,20250701,*,0,CPT Manual or CMS manual coding instruction
33223,0917T,,20250701,*,0,CPT Manual or CMS manual coding instruction
33223,0918T,,20250701,*,0,CPT Manual or CMS manual coding instruction
33223,0919T,,20250701,*,0,CPT Manual or CMS manual coding instruction
33223,0920T,,20250701,*,0,CPT Manual or CMS manual coding instruction
33223,0921T,,20250701,*,0,CPT Manual or CMS manual coding instruction
33223,0922T,,20250701,*,0,CPT Manual or CMS manual coding instruction
33223,0923T,,20250701,*,0,CPT Manual or CMS manual coding instruction
33223,0924T,,20250701,*,0,CPT Manual or CMS manual coding instruction
33223,0925T,,20250701,*,0,CPT Manual or CMS manual coding instruction
33223,0926T,,20250701,*,0,CPT Manual or CMS manual coding instruction
33223,0927T,,20250701,*,0,CPT Manual or CMS manual coding instruction
33223,64468,,20250401,*,0,Misuse of Column Two code with Column One code
33223,64469,,20250401,*,0,Misuse of Column Two code with Column One code
33224,0915T,,20250701,*,0,CPT Manual or CMS manual coding instruction
33224,0916T,,20250701,*,0,CPT Manual or CMS manual coding instruction
33224,0917T,,20250701,*,0,CPT Manual or CMS manual coding instruction
33224,0918T,,20250701,*,0,CPT Manual or CMS manual coding instruction
33224,0924T,,20250701,*,0,CPT Manual or CMS manual coding instruction
33224,0925T,,20250701,*,0,CPT Manual or CMS manual coding instruction
33224,0926T,,20250701,*,0,CPT Manual or CMS manual coding instruction
33224,0927T,,20250701,*,0,CPT Manual or CMS manual coding instruction
33224,64468,,20250401,*,0,Misuse of Column Two code with Column One code
33224,64469,,20250401,*,0,Misuse of Column Two code with Column One code
33225,0915T,,20250701,*,0,CPT Manual or CMS manual coding instruction
33225,0916T,,20250701,*,0,CPT Manual or CMS manual coding instruction
33225,0917T,,20250701,*,0,CPT Manual or CMS manual coding instruction
33225,0918T,,20250701,*,0,CPT Manual or CMS manual coding instruction
33225,0923T,,20250701,*,0,CPT Manual or CMS manual coding instruction
33225,0924T,,20250701,*,0,CPT Manual or CMS manual coding instruction
33225,0925T,,20250701,*,0,CPT Manual or CMS manual coding instruction
33225,0926T,,20250701,*,0,CPT Manual or CMS manual coding instruction
33225,0927T,,20250701,*,0,CPT Manual or CMS manual coding instruction
33226,0915T,,20250701,*,0,CPT Manual or CMS manual coding instruction
33226,0916T,,20250701,*,0,CPT Manual or CMS manual coding instruction
33226,0917T,,20250701,*,0,CPT Manual or CMS manual coding instruction
33226,0918T,,20250701,*,0,CPT Manual or CMS manual coding instruction
33226,0919T,,20250701,*,0,HCPCS/CPT procedure code definition
33226,0920T,,20250701,*,0,CPT Manual or CMS manual coding instruction
33226,0921T,,20250701,*,0,CPT Manual or CMS manual coding instruction
33226,0922T,,20250701,*,0,CPT Manual or CMS manual coding instruction
33226,0923T,,20250701,*,0,CPT Manual or CMS manual coding instruction
33226,0924T,,20250701,*,0,CPT Manual or CMS manual coding instruction
33226,0925T,,20250701,*,0,CPT Manual or CMS manual coding instruction
33226,0926T,,20250701,*,0,CPT Manual or CMS manual coding instruction
33226,0927T,,20250701,*,0,CPT Manual or CMS manual coding instruction
33226,64468,,20250401,*,0,Misuse of Column Two code with Column One code
33226,64469,,20250401,*,0,Misuse of Column Two code with Column One code
33227,0915T,,20250701,*,0,CPT Manual or CMS manual coding instruction
33227,0916T,,20250701,*,0,CPT Manual or CMS manual coding instruction
33227,0917T,,20250701,*,0,CPT Manual or CMS manual coding instruction
33227,0918T,,20250701,*,0,CPT Manual or CMS manual coding instruction
33227,0919T,,20250701,*,0,CPT Manual or CMS manual coding instruction
33227,0920T,,20250701,*,0,CPT Manual or CMS manual coding instruction
33227,0921T,,20250701,*,0,CPT Manual or CMS manual coding instruction
33227,0922T,,20250701,*,0,CPT Manual or CMS manual coding instruction
33227,0923T,,20250701,*,0,CPT Manual or CMS manual coding instruction
33227,0924T,,20250701,*,0,CPT Manual or CMS manual coding instruction
33227,0925T,,20250701,*,0,CPT Manual or CMS manual coding instruction
33227,0926T,,20250701,*,0,CPT Manual or CMS manual coding instruction
33227,0927T,,20250701,*,0,CPT Manual or CMS manual coding instruction
33227,64468,,20250401,*,0,Misuse of Column Two code with Column One code
33227,64469,,20250401,*,0,Misuse of Column Two code with Column One code
33228,0919T,,20250701,*,0,CPT Manual or CMS manual coding instruction
33228,0920T,,20250701,*,0,CPT Manual or CMS manual coding instruction
33228,0921T,,20250701,*,0,CPT Manual or CMS manual coding instruction
33228,0922T,,20250701,*,0,CPT Manual or CMS manual coding instruction
33228,0923T,,20250701,*,0,CPT Manual or CMS manual coding instruction
33228,0924T,,20250701,*,0,CPT Manual or CMS manual coding instruction
33228,0925T,,20250701,*,0,CPT Manual or CMS manual coding instruction
33228,0926T,,20250701,*,0,CPT Manual or CMS manual coding instruction
33228,0927T,,20250701,*,0,CPT Manual or CMS manual coding instruction
33228,64468,,20250401,*,0,Misuse of Column Two code with Column One code
33228,64469,,20250401,*,0,Misuse of Column Two code with Column One code
33229,0915T,,20250701,*,0,CPT Manual or CMS manual coding instruction
33229,0916T,,20250701,*,0,CPT Manual or CMS manual coding instruction
33229,0917T,,20250701,*,0,CPT Manual or CMS manual coding instruction
33229,0918T,,20250701,*,0,CPT Manual or CMS manual coding instruction
33229,0919T,,20250701,*,0,CPT Manual or CMS manual coding instruction
33229,0920T,,20250701,*,0,CPT Manual or CMS manual coding instruction
33229,0921T,,20250701,*,0,CPT Manual or CMS manual coding instruction
33229,0922T,,20250701,*,0,CPT Manual or CMS manual coding instruction
33229,0923T,,20250701,*,0,CPT Manual or CMS manual coding instruction
33229,0924T,,20250701,*,0,CPT Manual or CMS manual coding instruction
33229,0925T,,20250701,*,0,CPT Manual or CMS manual coding instruction
33229,0926T,,20250701,*,0,CPT Manual or CMS manual coding instruction
33229,0927T,,20250701,*,0,CPT Manual or CMS manual coding instruction
33229,64468,,20250401,*,0,Misuse of Column Two code with Column One code
33229,64469,,20250401,*,0,Misuse of Column Two code with Column One code
33230,0915T,,20250701,*,0,CPT Manual or CMS manual coding instruction
33230,0916T,,20250701,*,0,CPT Manual or CMS manual coding instruction
33230,0917T,,20250701,*,0,CPT Manual or CMS manual coding instruction
33230,0918T,,20250701,*,0,CPT Manual or CMS manual coding instruction
33230,0920T,,20250701,*,0,CPT Manual or CMS manual coding instruction
33230,0921T,,20250701,*,0,CPT Manual or CMS manual coding instruction
33230,0922T,,20250701,*,0,CPT Manual or CMS manual coding instruction
33230,0923T,,20250701,*,0,CPT Manual or CMS manual coding instruction
33230,0924T,,20250701,*,0,CPT Manual or CMS manual coding instruction
33230,0925T,,20250701,*,0,CPT Manual or CMS manual coding instruction
33230,0926T,,20250701,*,0,CPT Manual or CMS manual coding instruction
33230,0927T,,20250701,*,0,CPT Manual or CMS manual coding instruction
33230,64468,,20250401,*,0,Misuse of Column Two code with Column One code
33230,64469,,20250401,*,0,Misuse of Column Two code with Column One code
33231,0915T,,20250701,*,0,CPT Manual or CMS manual coding instruction
33231,0916T,,20250701,*,0,CPT Manual or CMS manual coding instruction
33231,0917T,,20250701,*,0,CPT Manual or CMS manual coding instruction
33231,0918T,,20250701,*,0,CPT Manual or CMS manual coding instruction
33231,0919T,,20250701,*,0,CPT Manual or CMS manual coding instruction
33231,0920T,,20250701,*,0,CPT Manual or CMS manual coding instruction
33231,0921T,,20250701,*,0,CPT Manual or CMS manual coding instruction
33231,0922T,,20250701,*,0,CPT Manual or CMS manual coding instruction
33231,0923T,,20250701,*,0,CPT Manual or CMS manual coding instruction
33231,0924T,,20250701,*,0,CPT Manual or CMS manual coding instruction
33231,0925T,,20250701,*,0,CPT Manual or CMS manual coding instruction
33231,0926T,,20250701,*,0,CPT Manual or CMS manual coding instruction
33231,0927T,,20250701,*,0,CPT Manual or CMS manual coding instruction
33231,64468,,20250401,*,0,Misuse of Column Two code with Column One code
33231,64469,,20250401,*,0,Misuse of Column Two code with Column One code
33233,0919T,,20250701,*,0,CPT Manual or CMS manual coding instruction
33233,0920T,,20250701,*,0,CPT Manual or CMS manual coding instruction
33233,0923T,,20250701,*,0,CPT Manual or CMS manual coding instruction
33233,0924T,,20250701,*,0,CPT Manual or CMS manual coding instruction
33233,0925T,,20250701,*,0,CPT Manual or CMS manual coding instruction
33233,0926T,,20250701,*,0,CPT Manual or CMS manual coding instruction
33233,0927T,,20250701,*,0,CPT Manual or CMS manual coding instruction
33233,64468,,20250401,*,0,Misuse of Column Two code with Column One code
33233,64469,,20250401,*,0,Misuse of Column Two code with Column One code
33234,0919T,,20250701,*,0,CPT Manual or CMS manual coding instruction
33234,0920T,,20250701,*,0,CPT Manual or CMS manual coding instruction
33234,0921T,,20250701,*,0,CPT Manual or CMS manual coding instruction
33234,0922T,,20250701,*,0,CPT Manual or CMS manual coding instruction
33234,0923T,,20250701,*,0,CPT Manual or CMS manual coding instruction
33234,0924T,,20250701,*,0,CPT Manual or CMS manual coding instruction
33234,0925T,,20250701,*,0,CPT Manual or CMS manual coding instruction
33234,0926T,,20250701,*,0,CPT Manual or CMS manual coding instruction
33234,0927T,,20250701,*,0,CPT Manual or CMS manual coding instruction
33234,64468,,20250401,*,0,Misuse of Column Two code with Column One code
33234,64469,,20250401,*,0,Misuse of Column Two code with Column One code
33235,0919T,,20250701,*,0,CPT Manual or CMS manual coding instruction
33235,0920T,,20250701,*,0,CPT Manual or CMS manual coding instruction
33235,0921T,,20250701,*,0,CPT Manual or CMS manual coding instruction
33235,0922T,,20250701,*,0,CPT Manual or CMS manual coding instruction
33235,0923T,,20250701,*,0,CPT Manual or CMS manual coding instruction
33235,0924T,,20250701,*,0,CPT Manual or CMS manual coding instruction
33235,0925T,,20250701,*,0,CPT Manual or CMS manual coding instruction
33235,0926T,,20250701,*,0,CPT Manual or CMS manual coding instruction
33235,0927T,,20250701,*,0,CPT Manual or CMS manual coding instruction
33235,64468,,20250401,*,0,Misuse of Column Two code with Column One code
33235,64469,,20250401,*,0,Misuse of Column Two code with Column One code
33236,0919T,,20250701,*,0,CPT Manual or CMS manual coding instruction
33236,0920T,,20250701,*,0,CPT Manual or CMS manual coding instruction
33236,0921T,,20250701,*,0,CPT Manual or CMS manual coding instruction
33236,0923T,,20250701,*,0,CPT Manual or CMS manual coding instruction
33236,0924T,,20250701,*,0,CPT Manual or CMS manual coding instruction
33236,0925T,,20250701,*,0,CPT Manual or CMS manual coding instruction
33236,0926T,,20250701,*,0,CPT Manual or CMS manual coding instruction
33236,0927T,,20250701,*,0,CPT Manual or CMS manual coding instruction
33236,64468,,20250401,*,0,Misuse of Column Two code with Column One code
33236,64469,,20250401,*,0,Misuse of Column Two code with Column One code
33237,0919T,,20250701,*,0,CPT Manual or CMS manual coding instruction
33237,0920T,,20250701,*,0,CPT Manual or CMS manual coding instruction
33237,0921T,,20250701,*,0,CPT Manual or CMS manual coding instruction
33237,0922T,,20250701,*,0,CPT Manual or CMS manual coding instruction
33237,0923T,,20250701,*,0,CPT Manual or CMS manual coding instruction
33237,0924T,,20250701,*,0,CPT Manual or CMS manual coding instruction
33237,0925T,,20250701,*,0,CPT Manual or CMS manual coding instruction
33237,0926T,,20250701,*,0,CPT Manual or CMS manual coding instruction
33237,0927T,,20250701,*,0,CPT Manual or CMS manual coding instruction
33237,64468,,20250401,*,0,Misuse of Column Two code with Column One code
33237,64469,,20250401,*,0,Misuse of Column Two code with Column One code
33238,0919T,,20250701,*,0,CPT Manual or CMS manual coding instruction
33238,0920T,,20250701,*,0,CPT Manual or CMS manual coding instruction
33238,0921T,,20250701,*,0,CPT Manual or CMS manual coding instruction
33238,0922T,,20250701,*,0,CPT Manual or CMS manual coding instruction
33238,0923T,,20250701,*,0,CPT Manual or CMS manual coding instruction
33238,0924T,,20250701,*,0,CPT Manual or CMS manual coding instruction
33238,0925T,,20250701,*,0,CPT Manual or CMS manual coding instruction
33238,0926T,,20250701,*,0,CPT Manual or CMS manual coding instruction
33238,0927T,,20250701,*,0,CPT Manual or CMS manual coding instruction
33238,64468,,20250401,*,0,Misuse of Column Two code with Column One code
33238,64469,,20250401,*,0,Misuse of Column Two code with Column One code
33240,0915T,,20250701,*,0,CPT Manual or CMS manual coding instruction
33240,0916T,,20250701,*,0,CPT Manual or CMS manual coding instruction
33240,0917T,,20250701,*,0,CPT Manual or CMS manual coding instruction
33240,0918T,,20250701,*,0,CPT Manual or CMS manual coding instruction
33240,0924T,,20250701,*,0,CPT Manual or CMS manual coding instruction
33240,0925T,,20250701,*,0,CPT Manual or CMS manual coding instruction
33240,0926T,,20250701,*,0,CPT Manual or CMS manual coding instruction
33240,0927T,,20250701,*,0,CPT Manual or CMS manual coding instruction
33240,64468,,20250401,*,0,Misuse of Column Two code with Column One code
33240,64469,,20250401,*,0,Misuse of Column Two code with Column One code
33241,0919T,,20250701,*,0,CPT Manual or CMS manual coding instruction
33241,0920T,,20250701,*,0,CPT Manual or CMS manual coding instruction
33241,0921T,,20250701,*,0,CPT Manual or CMS manual coding instruction
33241,0922T,,20250701,*,0,CPT Manual or CMS manual coding instruction
33241,0923T,,20250701,*,0,CPT Manual or CMS manual coding instruction
33241,0924T,,20250701,*,0,CPT Manual or CMS manual coding instruction
33241,0925T,,20250701,*,0,CPT Manual or CMS manual coding instruction
33241,0926T,,20250701,*,0,CPT Manual or CMS manual coding instruction
33241,0927T,,20250701,*,0,CPT Manual or CMS manual coding instruction
33241,64468,,20250401,*,0,Misuse of Column Two code with Column One code
33241,64469,,20250401,*,0,Misuse of Column Two code with Column One code
33243,0919T,,20250701,*,0,CPT Manual or CMS manual coding instruction
33243,0920T,,20250701,*,0,CPT Manual or CMS manual coding instruction
33243,0921T,,20250701,*,0,CPT Manual or CMS manual coding instruction
33243,0922T,,20250701,*,0,CPT Manual or CMS manual coding instruction
33243,0923T,,20250701,*,0,CPT Manual or CMS manual coding instruction
33243,0924T,,20250701,*,0,CPT Manual or CMS manual coding instruction
33243,0925T,,20250701,*,0,CPT Manual or CMS manual coding instruction
33243,0926T,,20250701,*,0,CPT Manual or CMS manual coding instruction
33243,0927T,,20250701,*,0,CPT Manual or CMS manual coding instruction
33243,64468,,20250401,*,0,Misuse of Column Two code with Column One code
33243,64469,,20250401,*,0,Misuse of Column Two code with Column One code
33244,0919T,,20250701,*,0,CPT Manual or CMS manual coding instruction
33244,0920T,,20250701,*,0,CPT Manual or CMS manual coding instruction
33244,0921T,,20250701,*,0,CPT Manual or CMS manual coding instruction
33244,0922T,,20250701,*,0,CPT Manual or CMS manual coding instruction
33244,0923T,,20250701,*,0,CPT Manual or CMS manual coding instruction
33244,0924T,,20250701,*,0,CPT Manual or CMS manual coding instruction
33244,0925T,,20250701,*,0,CPT Manual or CMS manual coding instruction
33244,0926T,,20250701,*,0,CPT Manual or CMS manual coding instruction
33244,0927T,,20250701,*,0,CPT Manual or CMS manual coding instruction
33244,64468,,20250401,*,0,Misuse of Column Two code with Column One code
33244,64469,,20250401,*,0,Misuse of Column Two code with Column One code
33249,0915T,,20250701,*,0,CPT Manual or CMS manual coding instruction
33249,0916T,,20250701,*,0,CPT Manual or CMS manual coding instruction
33249,0917T,,20250701,*,0,CPT Manual or CMS manual coding instruction
33249,0918T,,20250701,*,0,CPT Manual or CMS manual coding instruction
33249,0924T,,20250701,*,0,CPT Manual or CMS manual coding instruction
33249,0925T,,20250701,*,0,CPT Manual or CMS manual coding instruction
33249,0926T,,20250701,*,0,CPT Manual or CMS manual coding instruction
33249,0927T,,20250701,*,0,CPT Manual or CMS manual coding instruction
33249,64468,,20250401,*,0,Misuse of Column Two code with Column One code
33249,64469,,20250401,*,0,Misuse of Column Two code with Column One code
33250,0915T,,20250701,*,0,CPT Manual or CMS manual coding instruction
33250,0916T,,20250701,*,0,CPT Manual or CMS manual coding instruction
33250,0917T,,20250701,*,0,CPT Manual or CMS manual coding instruction
33250,0918T,,20250701,*,0,CPT Manual or CMS manual coding instruction
33250,0919T,,20250701,*,0,CPT Manual or CMS manual coding instruction
33250,0920T,,20250701,*,0,CPT Manual or CMS manual coding instruction
33250,0921T,,20250701,*,0,CPT Manual or CMS manual coding instruction
33250,0922T,,20250701,*,0,CPT Manual or CMS manual coding instruction
33250,0923T,,20250701,*,0,CPT Manual or CMS manual coding instruction
33250,0924T,,20250701,*,0,CPT Manual or CMS manual coding instruction
33250,0925T,,20250701,*,0,CPT Manual or CMS manual coding instruction
33250,0926T,,20250701,*,0,CPT Manual or CMS manual coding instruction
33250,0927T,,20250701,*,0,CPT Manual or CMS manual coding instruction
33250,64466,,20250401,*,0,Misuse of Column Two code with Column One code
33250,64467,,20250401,*,0,Misuse of Column Two code with Column One code
33250,64468,,20250401,*,0,Misuse of Column Two code with Column One code
33250,64469,,20250401,*,0,Misuse of Column Two code with Column One code
33251,0915T,,20250701,*,0,CPT Manual or CMS manual coding instruction
33251,0916T,,20250701,*,0,CPT Manual or CMS manual coding instruction
33251,0917T,,20250701,*,0,CPT Manual or CMS manual coding instruction
33251,0918T,,20250701,*,0,CPT Manual or CMS manual coding instruction
33251,0919T,,20250701,*,0,CPT Manual or CMS manual coding instruction
33251,0920T,,20250701,*,0,CPT Manual or CMS manual coding instruction
33251,0921T,,20250701,*,0,CPT Manual or CMS manual coding instruction
33251,0922T,,20250701,*,0,CPT Manual or CMS manual coding instruction
33251,0923T,,20250701,*,0,CPT Manual or CMS manual coding instruction
33251,0924T,,20250701,*,0,CPT Manual or CMS manual coding instruction
33251,0925T,,20250701,*,0,CPT Manual or CMS manual coding instruction
33251,0926T,,20250701,*,0,CPT Manual or CMS manual coding instruction
33251,0927T,,20250701,*,0,CPT Manual or CMS manual coding instruction
33251,64466,,20250401,*,0,Misuse of Column Two code with Column One code
33251,64467,,20250401,*,0,Misuse of Column Two code with Column One code
33251,64468,,20250401,*,0,Misuse of Column Two code with Column One code
33251,64469,,20250401,*,0,Misuse of Column Two code with Column One code
33254,0915T,,20250701,*,0,CPT Manual or CMS manual coding instruction
33254,0916T,,20250701,*,0,CPT Manual or CMS manual coding instruction
33254,0917T,,20250701,*,0,CPT Manual or CMS manual coding instruction
33254,0918T,,20250701,*,0,CPT Manual or CMS manual coding instruction
33254,0919T,,20250701,*,0,CPT Manual or CMS manual coding instruction
33254,0920T,,20250701,*,0,CPT Manual or CMS manual coding instruction
33254,0921T,,20250701,*,0,CPT Manual or CMS manual coding instruction
33254,0922T,,20250701,*,0,CPT Manual or CMS manual coding instruction
33254,0923T,,20250701,*,0,CPT Manual or CMS manual coding instruction
33254,0924T,,20250701,*,0,CPT Manual or CMS manual coding instruction
33254,0925T,,20250701,*,0,CPT Manual or CMS manual coding instruction
33254,0926T,,20250701,*,0,CPT Manual or CMS manual coding instruction
33254,0927T,,20250701,*,0,CPT Manual or CMS manual coding instruction
33254,64466,,20250401,*,0,Misuse of Column Two code with Column One code
33254,64467,,20250401,*,0,Misuse of Column Two code with Column One code
33254,64468,,20250401,*,0,Misuse of Column Two code with Column One code
33254,64469,,20250401,*,0,Misuse of Column Two code with Column One code
33255,0915T,,20250701,*,0,CPT Manual or CMS manual coding instruction
33255,0916T,,20250701,*,0,CPT Manual or CMS manual coding instruction
33255,0917T,,20250701,*,0,CPT Manual or CMS manual coding instruction
33255,0918T,,20250701,*,0,CPT Manual or CMS manual coding instruction
33255,0919T,,20250701,*,0,CPT Manual or CMS manual coding instruction
33255,0920T,,20250701,*,0,CPT Manual or CMS manual coding instruction
33255,0921T,,20250701,*,0,CPT Manual or CMS manual coding instruction
33255,0922T,,20250701,*,0,CPT Manual or CMS manual coding instruction
33255,0923T,,20250701,*,0,CPT Manual or CMS manual coding instruction
33255,0924T,,20250701,*,0,CPT Manual or CMS manual coding instruction
33255,0925T,,20250701,*,0,CPT Manual or CMS manual coding instruction
33255,0926T,,20250701,*,0,CPT Manual or CMS manual coding instruction
33255,0927T,,20250701,*,0,CPT Manual or CMS manual coding instruction
33255,64466,,20250401,*,0,Misuse of Column Two code with Column One code
33255,64467,,20250401,*,0,Misuse of Column Two code with Column One code
33255,64468,,20250401,*,0,Misuse of Column Two code with Column One code
33255,64469,,20250401,*,0,Misuse of Column Two code with Column One code
33256,0915T,,20250701,*,0,CPT Manual or CMS manual coding instruction
33256,0916T,,20250701,*,0,CPT Manual or CMS manual coding instruction
33256,0917T,,20250701,*,0,CPT Manual or CMS manual coding instruction
33256,0918T,,20250701,*,0,CPT Manual or CMS manual coding instruction
33256,0919T,,20250701,*,0,CPT Manual or CMS manual coding instruction
33256,0920T,,20250701,*,0,CPT Manual or CMS manual coding instruction
33256,0921T,,20250701,*,0,CPT Manual or CMS manual coding instruction
33256,0922T,,20250701,*,0,CPT Manual or CMS manual coding instruction
33256,0923T,,20250701,*,0,CPT Manual or CMS manual coding instruction
33256,0924T,,20250701,*,0,CPT Manual or CMS manual coding instruction
33256,0925T,,20250701,*,0,CPT Manual or CMS manual coding instruction
33256,0926T,,20250701,*,0,CPT Manual or CMS manual coding instruction
33256,0927T,,20250701,*,0,CPT Manual or CMS manual coding instruction
33256,64466,,20250401,*,0,Misuse of Column Two code with Column One code
33256,64467,,20250401,*,0,Misuse of Column Two code with Column One code
33256,64468,,20250401,*,0,Misuse of Column Two code with Column One code
33256,64469,,20250401,*,0,Misuse of Column Two code with Column One code
33257,0915T,,20250701,*,0,CPT Manual or CMS manual coding instruction
33257,0916T,,20250701,*,0,CPT Manual or CMS manual coding instruction
33257,0917T,,20250701,*,0,CPT Manual or CMS manual coding instruction
33257,0918T,,20250701,*,0,CPT Manual or CMS manual coding instruction
33257,0923T,,20250701,*,0,CPT Manual or CMS manual coding instruction
33257,0924T,,20250701,*,0,CPT Manual or CMS manual coding instruction
33257,0925T,,20250701,*,0,CPT Manual or CMS manual coding instruction
33257,0926T,,20250701,*,0,CPT Manual or CMS manual coding instruction
33257,0927T,,20250701,*,0,CPT Manual or CMS manual coding instruction
33258,0915T,,20250701,*,0,CPT Manual or CMS manual coding instruction
33258,0916T,,20250701,*,0,CPT Manual or CMS manual coding instruction
33258,0917T,,20250701,*,0,CPT Manual or CMS manual coding instruction
33258,0918T,,20250701,*,0,CPT Manual or CMS manual coding instruction
33258,0923T,,20250701,*,0,CPT Manual or CMS manual coding instruction
33258,0924T,,20250701,*,0,CPT Manual or CMS manual coding instruction
33258,0925T,,20250701,*,0,CPT Manual or CMS manual coding instruction
33258,0926T,,20250701,*,0,CPT Manual or CMS manual coding instruction
33258,0927T,,20250701,*,0,CPT Manual or CMS manual coding instruction
33259,0915T,,20250701,*,0,CPT Manual or CMS manual coding instruction
33259,0916T,,20250701,*,0,CPT Manual or CMS manual coding instruction
33259,0917T,,20250701,*,0,CPT Manual or CMS manual coding instruction
33259,0918T,,20250701,*,0,CPT Manual or CMS manual coding instruction
33259,0923T,,20250701,*,0,CPT Manual or CMS manual coding instruction
33259,0924T,,20250701,*,0,CPT Manual or CMS manual coding instruction
33259,0925T,,20250701,*,0,CPT Manual or CMS manual coding instruction
33259,0926T,,20250701,*,0,CPT Manual or CMS manual coding instruction
33259,0927T,,20250701,*,0,CPT Manual or CMS manual coding instruction
33261,0915T,,20250701,*,0,CPT Manual or CMS manual coding instruction
33261,0916T,,20250701,*,0,CPT Manual or CMS manual coding instruction
33261,0917T,,20250701,*,0,CPT Manual or CMS manual coding instruction
33261,0918T,,20250701,*,0,CPT Manual or CMS manual coding instruction
33261,0919T,,20250701,*,0,CPT Manual or CMS manual coding instruction
33261,0920T,,20250701,*,0,CPT Manual or CMS manual coding instruction
33261,0921T,,20250701,*,0,CPT Manual or CMS manual coding instruction
33261,0922T,,20250701,*,0,CPT Manual or CMS manual coding instruction
33261,0923T,,20250701,*,0,CPT Manual or CMS manual coding instruction
33261,0924T,,20250701,*,0,CPT Manual or CMS manual coding instruction
33261,0925T,,20250701,*,0,CPT Manual or CMS manual coding instruction
33261,0926T,,20250701,*,0,CPT Manual or CMS manual coding instruction
33261,0927T,,20250701,*,0,CPT Manual or CMS manual coding instruction
33261,64466,,20250401,*,0,Misuse of Column Two code with Column One code
33261,64467,,20250401,*,0,Misuse of Column Two code with Column One code
33261,64468,,20250401,*,0,Misuse of Column Two code with Column One code
33261,64469,,20250401,*,0,Misuse of Column Two code with Column One code
33262,0915T,,20250701,*,0,CPT Manual or CMS manual coding instruction
33262,0916T,,20250701,*,0,CPT Manual or CMS manual coding instruction
33262,0917T,,20250701,*,0,CPT Manual or CMS manual coding instruction
33262,0918T,,20250701,*,0,CPT Manual or CMS manual coding instruction
33262,0919T,,20250701,*,0,CPT Manual or CMS manual coding instruction
33262,0920T,,20250701,*,0,CPT Manual or CMS manual coding instruction
33262,0921T,,20250701,*,0,CPT Manual or CMS manual coding instruction
33262,0922T,,20250701,*,0,CPT Manual or CMS manual coding instruction
33262,0923T,,20250701,*,0,CPT Manual or CMS manual coding instruction
33262,0924T,,20250701,*,0,CPT Manual or CMS manual coding instruction
33262,0925T,,20250701,*,0,CPT Manual or CMS manual coding instruction
33262,0926T,,20250701,*,0,CPT Manual or CMS manual coding instruction
33262,0927T,,20250701,*,0,CPT Manual or CMS manual coding instruction
33262,64468,,20250401,*,0,Misuse of Column Two code with Column One code
33262,64469,,20250401,*,0,Misuse of Column Two code with Column One code
33263,0915T,,20250701,*,0,CPT Manual or CMS manual coding instruction
33263,0916T,,20250701,*,0,CPT Manual or CMS manual coding instruction
33263,0917T,,20250701,*,0,CPT Manual or CMS manual coding instruction
33263,0918T,,20250701,*,0,CPT Manual or CMS manual coding instruction
33263,0919T,,20250701,*,0,CPT Manual or CMS manual coding instruction
33263,0920T,,20250701,*,0,CPT Manual or CMS manual coding instruction
33263,0921T,,20250701,*,0,CPT Manual or CMS manual coding instruction
33263,0922T,,20250701,*,0,CPT Manual or CMS manual coding instruction
33263,0923T,,20250701,*,0,CPT Manual or CMS manual coding instruction
33263,0924T,,20250701,*,0,CPT Manual or CMS manual coding instruction
33263,0925T,,20250701,*,0,CPT Manual or CMS manual coding instruction
33263,0926T,,20250701,*,0,CPT Manual or CMS manual coding instruction
33263,0927T,,20250701,*,0,CPT Manual or CMS manual coding instruction
33263,64468,,20250401,*,0,Misuse of Column Two code with Column One code
33263,64469,,20250401,*,0,Misuse of Column Two code with Column One code
33264,0915T,,20250701,*,0,CPT Manual or CMS manual coding instruction
33264,0916T,,20250701,*,0,CPT Manual or CMS manual coding instruction
33264,0917T,,20250701,*,0,CPT Manual or CMS manual coding instruction
33264,0918T,,20250701,*,0,CPT Manual or CMS manual coding instruction
33264,0919T,,20250701,*,0,CPT Manual or CMS manual coding instruction
33264,0920T,,20250701,*,0,CPT Manual or CMS manual coding instruction
33264,0921T,,20250701,*,0,CPT Manual or CMS manual coding instruction
33264,0922T,,20250701,*,0,CPT Manual or CMS manual coding instruction
33264,0923T,,20250701,*,0,CPT Manual or CMS manual coding instruction
33264,0924T,,20250701,*,0,CPT Manual or CMS manual coding instruction
33264,0925T,,20250701,*,0,CPT Manual or CMS manual coding instruction
33264,0926T,,20250701,*,0,CPT Manual or CMS manual coding instruction
33264,0927T,,20250701,*,0,CPT Manual or CMS manual coding instruction
33264,64468,,20250401,*,0,Misuse of Column Two code with Column One code
33264,64469,,20250401,*,0,Misuse of Column Two code with Column One code
33265,0915T,,20250701,*,0,CPT Manual or CMS manual coding instruction
33265,0916T,,20250701,*,0,CPT Manual or CMS manual coding instruction
33265,0917T,,20250701,*,0,CPT Manual or CMS manual coding instruction
33265,0918T,,20250701,*,0,CPT Manual or CMS manual coding instruction
33265,0919T,,20250701,*,0,CPT Manual or CMS manual coding instruction
33265,0920T,,20250701,*,0,CPT Manual or CMS manual coding instruction
33265,0921T,,20250701,*,0,CPT Manual or CMS manual coding instruction
33265,0922T,,20250701,*,0,CPT Manual or CMS manual coding instruction
33265,0923T,,20250701,*,0,CPT Manual or CMS manual coding instruction
33265,0924T,,20250701,*,0,CPT Manual or CMS manual coding instruction
33265,0925T,,20250701,*,0,CPT Manual or CMS manual coding instruction
33265,0926T,,20250701,*,0,CPT Manual or CMS manual coding instruction
33265,0927T,,20250701,*,0,CPT Manual or CMS manual coding instruction
33265,64466,,20250401,*,0,Misuse of Column Two code with Column One code
33265,64467,,20250401,*,0,Misuse of Column Two code with Column One code
33265,64468,,20250401,*,0,Misuse of Column Two code with Column One code
33265,64469,,20250401,*,0,Misuse of Column Two code with Column One code
33266,0915T,,20250701,*,0,CPT Manual or CMS manual coding instruction
33266,0916T,,20250701,*,0,CPT Manual or CMS manual coding instruction
33266,0917T,,20250701,*,0,CPT Manual or CMS manual coding instruction
33266,0918T,,20250701,*,0,CPT Manual or CMS manual coding instruction
33266,0919T,,20250701,*,0,CPT Manual or CMS manual coding instruction
33266,0920T,,20250701,*,0,CPT Manual or CMS manual coding instruction
33266,0921T,,20250701,*,0,CPT Manual or CMS manual coding instruction
33266,0922T,,20250701,*,0,CPT Manual or CMS manual coding instruction
33266,0923T,,20250701,*,0,CPT Manual or CMS manual coding instruction
33266,0924T,,20250701,*,0,CPT Manual or CMS manual coding instruction
33266,0925T,,20250701,*,0,CPT Manual or CMS manual coding instruction
33266,0926T,,20250701,*,0,CPT Manual or CMS manual coding instruction
33266,0927T,,20250701,*,0,CPT Manual or CMS manual coding instruction
33266,64466,,20250401,*,0,Misuse of Column Two code with Column One code
33266,64467,,20250401,*,0,Misuse of Column Two code with Column One code
33266,64468,,20250401,*,0,Misuse of Column Two code with Column One code
33266,64469,,20250401,*,0,Misuse of Column Two code with Column One code
33267,0915T,,20250701,*,0,CPT Manual or CMS manual coding instruction
33267,0916T,,20250701,*,0,CPT Manual or CMS manual coding instruction
33267,0917T,,20250701,*,0,CPT Manual or CMS manual coding instruction
33267,0918T,,20250701,*,0,CPT Manual or CMS manual coding instruction
33267,0919T,,20250701,*,0,CPT Manual or CMS manual coding instruction
33267,0920T,,20250701,*,0,CPT Manual or CMS manual coding instruction
33267,0921T,,20250701,*,0,CPT Manual or CMS manual coding instruction
33267,0922T,,20250701,*,0,CPT Manual or CMS manual coding instruction
33267,0923T,,20250701,*,0,CPT Manual or CMS manual coding instruction
33267,0924T,,20250701,*,0,CPT Manual or CMS manual coding instruction
33267,0925T,,20250701,*,0,CPT Manual or CMS manual coding instruction
33267,0926T,,20250701,*,0,CPT Manual or CMS manual coding instruction
33267,0927T,,20250701,*,0,CPT Manual or CMS manual coding instruction
33267,64466,,20250401,*,0,Misuse of Column Two code with Column One code
33267,64467,,20250401,*,0,Misuse of Column Two code with Column One code
33267,64468,,20250401,*,0,Misuse of Column Two code with Column One code
33267,64469,,20250401,*,0,Misuse of Column Two code with Column One code
33268,0915T,,20250701,*,0,CPT Manual or CMS manual coding instruction
33268,0916T,,20250701,*,0,CPT Manual or CMS manual coding instruction
33268,0917T,,20250701,*,0,CPT Manual or CMS manual coding instruction
33268,0918T,,20250701,*,0,CPT Manual or CMS manual coding instruction
33268,0919T,,20250701,*,0,CPT Manual or CMS manual coding instruction
33268,0920T,,20250701,*,0,CPT Manual or CMS manual coding instruction
33268,0921T,,20250701,*,0,CPT Manual or CMS manual coding instruction
33268,0922T,,20250701,*,0,CPT Manual or CMS manual coding instruction
33268,0923T,,20250701,*,0,CPT Manual or CMS manual coding instruction
33268,0924T,,20250701,*,0,CPT Manual or CMS manual coding instruction
33268,0925T,,20250701,*,0,CPT Manual or CMS manual coding instruction
33268,0926T,,20250701,*,0,CPT Manual or CMS manual coding instruction
33268,0927T,,20250701,*,0,CPT Manual or CMS manual coding instruction
33268,64466,,20250401,*,0,Misuse of Column Two code with Column One code
33268,64467,,20250401,*,0,Misuse of Column Two code with Column One code
33268,64468,,20250401,*,0,Misuse of Column Two code with Column One code
33268,64469,,20250401,*,0,Misuse of Column Two code with Column One code
33269,0915T,,20250701,*,0,CPT Manual or CMS manual coding instruction
33269,0916T,,20250701,*,0,CPT Manual or CMS manual coding instruction
33269,0917T,,20250701,*,0,CPT Manual or CMS manual coding instruction
33269,0918T,,20250701,*,0,CPT Manual or CMS manual coding instruction
33269,0919T,,20250701,*,0,CPT Manual or CMS manual coding instruction
33269,0920T,,20250701,*,0,CPT Manual or CMS manual coding instruction
33269,0921T,,20250701,*,0,CPT Manual or CMS manual coding instruction
33269,0922T,,20250701,*,0,CPT Manual or CMS manual coding instruction
33269,0923T,,20250701,*,0,CPT Manual or CMS manual coding instruction
33269,0924T,,20250701,*,0,CPT Manual or CMS manual coding instruction
33269,0925T,,20250701,*,0,CPT Manual or CMS manual coding instruction
33269,0926T,,20250701,*,0,CPT Manual or CMS manual coding instruction
33269,0927T,,20250701,*,0,CPT Manual or CMS manual coding instruction
33269,64466,,20250401,*,0,Misuse of Column Two code with Column One code
33269,64467,,20250401,*,0,Misuse of Column Two code with Column One code
33269,64468,,20250401,*,0,Misuse of Column Two code with Column One code
33269,64469,,20250401,*,0,Misuse of Column Two code with Column One code
33270,0924T,,20250701,*,0,CPT Manual or CMS manual coding instruction
33270,0925T,,20250701,*,0,CPT Manual or CMS manual coding instruction
33270,0926T,,20250701,*,0,CPT Manual or CMS manual coding instruction
33270,0927T,,20250701,*,0,CPT Manual or CMS manual coding instruction
33270,64468,,20250401,*,0,Misuse of Column Two code with Column One code
33270,64469,,20250401,*,0,Misuse of Column Two code with Column One code
33271,0915T,,20250701,*,0,CPT Manual or CMS manual coding instruction
33271,0916T,,20250701,*,0,CPT Manual or CMS manual coding instruction
33271,0917T,,20250701,*,0,CPT Manual or CMS manual coding instruction
33271,0918T,,20250701,*,0,CPT Manual or CMS manual coding instruction
33271,0919T,,20250701,*,0,CPT Manual or CMS manual coding instruction
33271,0920T,,20250701,*,0,CPT Manual or CMS manual coding instruction
33271,0921T,,20250701,*,0,CPT Manual or CMS manual coding instruction
33271,0922T,,20250701,*,0,CPT Manual or CMS manual coding instruction
33271,0923T,,20250701,*,0,CPT Manual or CMS manual coding instruction
33271,0924T,,20250701,*,0,CPT Manual or CMS manual coding instruction
33271,0925T,,20250701,*,0,CPT Manual or CMS manual coding instruction
33271,0926T,,20250701,*,0,CPT Manual or CMS manual coding instruction
33271,0927T,,20250701,*,0,CPT Manual or CMS manual coding instruction
33271,64468,,20250401,*,0,Misuse of Column Two code with Column One code
33271,64469,,20250401,*,0,Misuse of Column Two code with Column One code
33272,0915T,,20250701,*,0,CPT Manual or CMS manual coding instruction
33272,0916T,,20250701,*,0,CPT Manual or CMS manual coding instruction
33272,0917T,,20250701,*,0,CPT Manual or CMS manual coding instruction
33272,0918T,,20250701,*,0,CPT Manual or CMS manual coding instruction
33272,0919T,,20250701,*,0,CPT Manual or CMS manual coding instruction
33272,0920T,,20250701,*,0,CPT Manual or CMS manual coding instruction
33272,0921T,,20250701,*,0,CPT Manual or CMS manual coding instruction
33272,0922T,,20250701,*,0,CPT Manual or CMS manual coding instruction
33272,0923T,,20250701,*,0,CPT Manual or CMS manual coding instruction
33272,0924T,,20250701,*,0,CPT Manual or CMS manual coding instruction
33272,0925T,,20250701,*,0,CPT Manual or CMS manual coding instruction
33272,0926T,,20250701,*,0,CPT Manual or CMS manual coding instruction
33272,0927T,,20250701,*,0,CPT Manual or CMS manual coding instruction
33272,64468,,20250401,*,0,Misuse of Column Two code with Column One code
33272,64469,,20250401,*,0,Misuse of Column Two code with Column One code
33273,0915T,,20250701,*,0,CPT Manual or CMS manual coding instruction
33273,0916T,,20250701,*,0,CPT Manual or CMS manual coding instruction
33273,0917T,,20250701,*,0,CPT Manual or CMS manual coding instruction
33273,0918T,,20250701,*,0,CPT Manual or CMS manual coding instruction
33273,0919T,,20250701,*,0,CPT Manual or CMS manual coding instruction
33273,0920T,,20250701,*,0,CPT Manual or CMS manual coding instruction
33273,0921T,,20250701,*,0,CPT Manual or CMS manual coding instruction
33273,0922T,,20250701,*,0,CPT Manual or CMS manual coding instruction
33273,0923T,,20250701,*,0,CPT Manual or CMS manual coding instruction
33273,0924T,,20250701,*,0,CPT Manual or CMS manual coding instruction
33273,0925T,,20250701,*,0,CPT Manual or CMS manual coding instruction
33273,0926T,,20250701,*,0,CPT Manual or CMS manual coding instruction
33273,0927T,,20250701,*,0,CPT Manual or CMS manual coding instruction
33273,64468,,20250401,*,0,Misuse of Column Two code with Column One code
33273,64469,,20250401,*,0,Misuse of Column Two code with Column One code
33274,0823T,,20240401,*,0,CPT Manual or CMS manual coding instruction
33274,0915T,,20250701,*,0,Mutually exclusive procedures
33274,0916T,,20250701,*,0,Mutually exclusive procedures
33274,0917T,,20250701,*,0,Mutually exclusive procedures
33274,0918T,,20250701,*,0,Mutually exclusive procedures
33274,64468,,20250401,*,0,Misuse of Column Two code with Column One code
33274,64469,,20250401,*,0,Misuse of Column Two code with Column One code
33275,0824T,,20240401,*,0,CPT Manual or CMS manual coding instruction
33275,0924T,,20250701,*,0,Misuse of Column Two code with Column One code
33275,0925T,,20250701,*,0,Mutually exclusive procedures
33275,64468,,20250401,*,0,Misuse of Column Two code with Column One code
33275,64469,,20250401,*,0,Misuse of Column Two code with Column One code
33276,33278,,20240401,*,0,CPT Manual or CMS manual coding instruction
33276,33279,,20240401,*,0,CPT Manual or CMS manual coding instruction
33276,33280,,20240401,*,0,CPT Manual or CMS manual coding instruction
33276,33281,,20240401,*,0,CPT Manual or CMS manual coding instruction
33276,33287,,20240401,*,0,CPT Manual or CMS manual coding instruction
33276,36591,,20240701,*,0,CPT Manual or CMS manual coding instruction
33276,36592,,20240701,*,0,CPT Manual or CMS manual coding instruction
33276,69990,,20240701,*,0,Misuse of Column Two code with Column One code
33276,93150,,20240401,*,0,CPT Manual or CMS manual coding instruction
33276,93151,,20240401,*,0,CPT Manual or CMS manual coding instruction
33276,93152,,20240401,*,0,CPT Manual or CMS manual coding instruction
33276,93153,,20240401,*,0,CPT Manual or CMS manual coding instruction
33276,96523,,20240701,*,0,CPT Manual or CMS manual coding instruction
33277,33279,,20240401,*,0,CPT Manual or CMS manual coding instruction
33277,33280,,20240401,*,0,CPT Manual or CMS manual coding instruction
33277,69990,,20240701,*,0,Misuse of Column Two code with Column One code
33277,93150,,20240401,*,0,CPT Manual or CMS manual coding instruction
33278,33277,,20240401,*,0,CPT Manual or CMS manual coding instruction
33278,36591,,20240701,*,0,CPT Manual or CMS manual coding instruction
33278,36592,,20240701,*,0,CPT Manual or CMS manual coding instruction
33278,69990,,20240701,*,0,Misuse of Column Two code with Column One code
33278,93150,,20240401,*,0,CPT Manual or CMS manual coding instruction
33278,96523,,20240701,*,0,CPT Manual or CMS manual coding instruction
33279,0213T,,20240701,*,0,Misuse of Column Two code with Column One code
33279,0216T,,20240701,*,0,Misuse of Column Two code with Column One code
33279,36500,,20240701,*,0,Misuse of Column Two code with Column One code
33279,36591,,20240701,*,0,CPT Manual or CMS manual coding instruction
33279,36592,,20240701,*,0,CPT Manual or CMS manual coding instruction
33279,62320,,20240701,*,0,Misuse of Column Two code with Column One code
33279,62321,,20240701,*,0,Misuse of Column Two code with Column One code
33279,62322,,20240701,*,0,Misuse of Column Two code with Column One code
33279,62323,,20240701,*,0,Misuse of Column Two code with Column One code
33279,62324,,20240701,*,0,Misuse of Column Two code with Column One code
33279,62325,,20240701,*,0,Misuse of Column Two code with Column One code
33279,62326,,20240701,*,0,Misuse of Column Two code with Column One code
33279,62327,,20240701,*,0,Misuse of Column Two code with Column One code
33279,64400,,20240701,*,0,Misuse of Column Two code with Column One code
33279,64405,,20240701,*,0,Misuse of Column Two code with Column One code
33279,64408,,20240701,*,0,Misuse of Column Two code with Column One code
33279,64415,,20240701,*,0,Misuse of Column Two code with Column One code
33279,64416,,20240701,*,0,Misuse of Column Two code with Column One code
33279,64417,,20240701,*,0,Misuse of Column Two code with Column One code
33279,64418,,20240701,*,0,Misuse of Column Two code with Column One code
33279,64420,,20240701,*,0,Misuse of Column Two code with Column One code
33279,64421,,20240701,*,0,Misuse of Column Two code with Column One code
33279,64425,,20240701,*,0,Misuse of Column Two code with Column One code
33279,64430,,20240701,*,0,Misuse of Column Two code with Column One code
33279,64435,,20240701,*,0,Misuse of Column Two code with Column One code
33279,64445,,20240701,*,0,Misuse of Column Two code with Column One code
33279,64446,,20240701,*,0,Misuse of Column Two code with Column One code
33279,64447,,20240701,*,0,Misuse of Column Two code with Column One code
33279,64448,,20240701,*,0,Misuse of Column Two code with Column One code
33279,64449,,20240701,*,0,Misuse of Column Two code with Column One code
33279,64450,,20240701,*,0,Misuse of Column Two code with Column One code
33279,64451,,20240701,*,0,Misuse of Column Two code with Column One code
33279,64454,,20240701,*,0,Misuse of Column Two code with Column One code
33279,64461,,20240701,*,0,Misuse of Column Two code with Column One code
33279,64468,,20250401,*,0,Misuse of Column Two code with Column One code
33279,64469,,20250401,*,0,Misuse of Column Two code with Column One code
33279,64479,,20240701,*,0,Misuse of Column Two code with Column One code
33279,64483,,20240701,*,0,Misuse of Column Two code with Column One code
33279,64486,,20240701,*,0,Misuse of Column Two code with Column One code
33279,64487,,20240701,*,0,Misuse of Column Two code with Column One code
33279,64488,,20240701,*,0,Misuse of Column Two code with Column One code
33279,64489,,20240701,*,0,Misuse of Column Two code with Column One code
33279,64490,,20240701,*,0,Misuse of Column Two code with Column One code
33279,64493,,20240701,*,0,Misuse of Column Two code with Column One code
33279,64505,,20240701,*,0,Misuse of Column Two code with Column One code
33279,64510,,20240701,*,0,Misuse of Column Two code with Column One code
33279,64517,,20240701,*,0,Misuse of Column Two code with Column One code
33279,64520,,20240701,*,0,Misuse of Column Two code with Column One code
33279,64530,,20240701,*,0,Misuse of Column Two code with Column One code
33279,69990,,20240701,*,0,Misuse of Column Two code with Column One code
33279,75827,,20240701,*,0,Misuse of Column Two code with Column One code
33279,75893,,20240701,*,0,Misuse of Column Two code with Column One code
33279,92653,,20240701,*,0,Standards of medical/surgical practice
33279,93150,,20240401,*,0,CPT Manual or CMS manual coding instruction
33279,95861,,20240701,*,0,Standards of medical/surgical practice
33279,95863,,20240701,*,0,Standards of medical/surgical practice
33279,95864,,20240701,*,0,Standards of medical/surgical practice
33279,95865,,20240701,*,0,Standards of medical/surgical practice
33279,95866,,20240701,*,0,Standards of medical/surgical practice
33279,95867,,20240701,*,0,Standards of medical/surgical practice
33279,95868,,20240701,*,0,Standards of medical/surgical practice
33279,95869,,20240701,*,0,Standards of medical/surgical practice
33279,95870,,20240701,*,0,Standards of medical/surgical practice
33279,95907,,20240701,*,0,Standards of medical/surgical practice
33279,95908,,20240701,*,0,Standards of medical/surgical practice
33279,95909,,20240701,*,0,Standards of medical/surgical practice
33279,95910,,20240701,*,0,Standards of medical/surgical practice
33279,95911,,20240701,*,0,Standards of medical/surgical practice
33279,95912,,20240701,*,0,Standards of medical/surgical practice
33279,95913,,20240701,*,0,Standards of medical/surgical practice
33279,95925,,20240701,*,0,Standards of medical/surgical practice
33279,95926,,20240701,*,0,Standards of medical/surgical practice
33279,95927,,20240701,*,0,Standards of medical/surgical practice
33279,95928,,20240701,*,0,Standards of medical/surgical practice
33279,95929,,20240701,*,0,Standards of medical/surgical practice
33279,95930,,20240701,*,0,Standards of medical/surgical practice
33279,95933,,20240701,*,0,Standards of medical/surgical practice
33279,95937,,20240701,*,0,Standards of medical/surgical practice
33279,95938,,20240701,*,0,Standards of medical/surgical practice
33279,95939,,20240701,*,0,Standards of medical/surgical practice
33279,95940,,20240701,*,0,Standards of medical/surgical practice
33279,95941,,20240701,*,0,Standards of medical/surgical practice
33279,96523,,20240701,*,0,CPT Manual or CMS manual coding instruction
33279,99155,,20240701,*,0,HCPCS/CPT procedure code definition
33279,99156,,20240701,*,0,HCPCS/CPT procedure code definition
33279,99157,,20240701,*,0,HCPCS/CPT procedure code definition
33279,G0453,,20240701,*,0,Standards of medical/surgical practice
33280,0213T,,20240701,*,0,Misuse of Column Two code with Column One code
33280,0333T,,20240701,*,0,CPT Manual or CMS manual coding instruction
33280,0587T,,20240701,*,0,Mutually exclusive procedures
33280,36591,,20240701,*,0,CPT Manual or CMS manual coding instruction
33280,36592,,20240701,*,0,CPT Manual or CMS manual coding instruction
33280,61885,,20240701,*,0,Misuse of Column Two code with Column One code
33280,64468,,20250401,*,0,Misuse of Column Two code with Column One code
33280,64469,,20250401,*,0,Misuse of Column Two code with Column One code
33280,69990,,20240701,*,0,Misuse of Column Two code with Column One code
33280,93150,,20240401,*,0,CPT Manual or CMS manual coding instruction
33280,96523,,20240701,*,0,CPT Manual or CMS manual coding instruction
33281,0216T,,20240701,*,0,Misuse of Column Two code with Column One code
33281,33277,,20240401,*,0,CPT Manual or CMS manual coding instruction
33281,33278,,20240401,*,0,CPT Manual or CMS manual coding instruction
33281,33279,,20240401,*,0,CPT Manual or CMS manual coding instruction
33281,33280,,20240401,*,0,CPT Manual or CMS manual coding instruction
33281,36500,,20240701,*,0,Misuse of Column Two code with Column One code
33281,36591,,20240701,*,0,CPT Manual or CMS manual coding instruction
33281,36592,,20240701,*,0,CPT Manual or CMS manual coding instruction
33281,62321,,20240701,*,0,Misuse of Column Two code with Column One code
33281,62323,,20240701,*,0,Misuse of Column Two code with Column One code
33281,64405,,20240701,*,0,Misuse of Column Two code with Column One code
33281,64415,,20240701,*,0,Misuse of Column Two code with Column One code
33281,64417,,20240701,*,0,Misuse of Column Two code with Column One code
33281,64420,,20240701,*,0,Misuse of Column Two code with Column One code
33281,64425,,20240701,*,0,Misuse of Column Two code with Column One code
33281,64435,,20240701,*,0,Misuse of Column Two code with Column One code
33281,64446,,20240701,*,0,Misuse of Column Two code with Column One code
33281,64448,,20240701,*,0,Misuse of Column Two code with Column One code
33281,64450,,20240701,*,0,Misuse of Column Two code with Column One code
33281,64454,,20240701,*,0,Misuse of Column Two code with Column One code
33281,64463,,20240701,*,0,Misuse of Column Two code with Column One code
33281,64467,,20250401,*,0,Misuse of Column Two code with Column One code
33281,64468,,20250401,*,0,Misuse of Column Two code with Column One code
33281,64469,,20250401,*,0,Misuse of Column Two code with Column One code
33281,64483,,20240701,*,0,Misuse of Column Two code with Column One code
33281,64487,,20240701,*,0,Misuse of Column Two code with Column One code
33281,64489,,20240701,*,0,Misuse of Column Two code with Column One code
33281,64493,,20240701,*,0,Misuse of Column Two code with Column One code
33281,64510,,20240701,*,0,Misuse of Column Two code with Column One code
33281,64520,,20240701,*,0,Misuse of Column Two code with Column One code
33281,69990,,20240701,*,0,Misuse of Column Two code with Column One code
33281,92653,,20240701,*,0,Standards of medical/surgical practice
33281,93150,,20240401,*,0,CPT Manual or CMS manual coding instruction
33281,95861,,20240701,*,0,Standards of medical/surgical practice
33281,95864,,20240701,*,0,Standards of medical/surgical practice
33281,95866,,20240701,*,0,Standards of medical/surgical practice
33281,95868,,20240701,*,0,Standards of medical/surgical practice
33281,95870,,20240701,*,0,Standards of medical/surgical practice
33281,95908,,20240701,*,0,Standards of medical/surgical practice
33281,95910,,20240701,*,0,Standards of medical/surgical practice
33281,95912,,20240701,*,0,Standards of medical/surgical practice
33281,95925,,20240701,*,0,Standards of medical/surgical practice
33281,95927,,20240701,*,0,Standards of medical/surgical practice
33281,95929,,20240701,*,0,Standards of medical/surgical practice
33281,95933,,20240701,*,0,Standards of medical/surgical practice
33281,95938,,20240701,*,0,Standards of medical/surgical practice
33281,95940,,20240701,*,0,Standards of medical/surgical practice
33281,96523,,20240701,*,0,CPT Manual or CMS manual coding instruction
33281,99155,,20240701,*,0,HCPCS/CPT procedure code definition
33281,99156,,20240701,*,0,HCPCS/CPT procedure code definition
33281,99157,,20240701,*,0,HCPCS/CPT procedure code definition
33285,64468,,20250401,*,0,Misuse of Column Two code with Column One code
33285,64469,,20250401,*,0,Misuse of Column Two code with Column One code
33286,64468,,20250401,*,0,Misuse of Column Two code with Column One code
33286,64469,,20250401,*,0,Misuse of Column Two code with Column One code
33287,0213T,,20240701,*,0,Misuse of Column Two code with Column One code
33287,0216T,,20240701,*,0,Misuse of Column Two code with Column One code
33287,0333T,,20240701,*,0,CPT Manual or CMS manual coding instruction
33287,0464T,,20240701,*,0,CPT Manual or CMS manual coding instruction
33287,0587T,,20240701,*,0,Mutually exclusive procedures
33287,0588T,,20240701,*,0,CPT Manual or CMS manual coding instruction
33287,0589T,,20240701,*,0,CPT Manual or CMS manual coding instruction
33287,0596T,,20240701,*,0,Misuse of Column Two code with Column One code
33287,0597T,,20240701,*,0,Misuse of Column Two code with Column One code
33287,0708T,,20240701,*,0,Misuse of Column Two code with Column One code
33287,0709T,,20240701,*,0,Misuse of Column Two code with Column One code
33287,33278,,20240401,*,0,CPT Manual or CMS manual coding instruction
33287,33279,,20240401,*,0,CPT Manual or CMS manual coding instruction
33287,33280,,20240401,*,0,CPT Manual or CMS manual coding instruction
33287,36591,,20240701,*,0,CPT Manual or CMS manual coding instruction
33287,36592,,20240701,*,0,CPT Manual or CMS manual coding instruction
33287,61885,,20240701,*,0,Misuse of Column Two code with Column One code
33287,61886,,20240701,*,0,Misuse of Column Two code with Column One code
33287,62320,,20240701,*,0,Misuse of Column Two code with Column One code
33287,62321,,20240701,*,0,Misuse of Column Two code with Column One code
33287,62322,,20240701,*,0,Misuse of Column Two code with Column One code
33287,62323,,20240701,*,0,Misuse of Column Two code with Column One code
33287,62324,,20240701,*,0,Misuse of Column Two code with Column One code
33287,62325,,20240701,*,0,Misuse of Column Two code with Column One code
33287,62326,,20240701,*,0,Misuse of Column Two code with Column One code
33287,62327,,20240701,*,0,Misuse of Column Two code with Column One code
33287,64400,,20240701,*,0,Misuse of Column Two code with Column One code
33287,64405,,20240701,*,0,Misuse of Column Two code with Column One code
33287,64408,,20240701,*,0,Misuse of Column Two code with Column One code
33287,64415,,20240701,*,0,Misuse of Column Two code with Column One code
33287,64416,,20240701,*,0,Misuse of Column Two code with Column One code
33287,64417,,20240701,*,0,Misuse of Column Two code with Column One code
33287,64418,,20240701,*,0,Misuse of Column Two code with Column One code
33287,64420,,20240701,*,0,Misuse of Column Two code with Column One code
33287,64421,,20240701,*,0,Misuse of Column Two code with Column One code
33287,64425,,20240701,*,0,Misuse of Column Two code with Column One code
33287,64430,,20240701,*,0,Misuse of Column Two code with Column One code
33287,64435,,20240701,*,0,Misuse of Column Two code with Column One code
33287,64445,,20240701,*,0,Misuse of Column Two code with Column One code
33287,64446,,20240701,*,0,Misuse of Column Two code with Column One code
33287,64447,,20240701,*,0,Misuse of Column Two code with Column One code
33287,64448,,20240701,*,0,Misuse of Column Two code with Column One code
33287,64449,,20240701,*,0,Misuse of Column Two code with Column One code
33287,64450,,20240701,*,0,Misuse of Column Two code with Column One code
33287,64451,,20240701,*,0,Misuse of Column Two code with Column One code
33287,64454,,20240701,*,0,Misuse of Column Two code with Column One code
33287,64461,,20240701,*,0,Misuse of Column Two code with Column One code
33287,64463,,20240701,*,0,Misuse of Column Two code with Column One code
33287,64468,,20250401,*,0,Misuse of Column Two code with Column One code
33287,64469,,20250401,*,0,Misuse of Column Two code with Column One code
33287,64479,,20240701,*,0,Misuse of Column Two code with Column One code
33287,64483,,20240701,*,0,Misuse of Column Two code with Column One code
33287,64486,,20240701,*,0,Misuse of Column Two code with Column One code
33287,64487,,20240701,*,0,Misuse of Column Two code with Column One code
33287,64488,,20240701,*,0,Misuse of Column Two code with Column One code
33287,64489,,20240701,*,0,Misuse of Column Two code with Column One code
33287,64490,,20240701,*,0,Misuse of Column Two code with Column One code
33287,64493,,20240701,*,0,Misuse of Column Two code with Column One code
33287,64505,,20240701,*,0,Misuse of Column Two code with Column One code
33287,64510,,20240701,*,0,Misuse of Column Two code with Column One code
33287,64517,,20240701,*,0,Misuse of Column Two code with Column One code
33287,64520,,20240701,*,0,Misuse of Column Two code with Column One code
33287,64530,,20240701,*,0,Misuse of Column Two code with Column One code
33287,69990,,20240701,*,0,Misuse of Column Two code with Column One code
33287,92652,,20240701,*,0,CPT Manual or CMS manual coding instruction
33287,92653,,20240701,*,0,CPT Manual or CMS manual coding instruction
33287,95822,,20240701,*,0,CPT Manual or CMS manual coding instruction
33287,95860,,20240701,*,0,CPT Manual or CMS manual coding instruction
33287,95861,,20240701,*,0,CPT Manual or CMS manual coding instruction
33287,95863,,20240701,*,0,CPT Manual or CMS manual coding instruction
33287,95864,,20240701,*,0,CPT Manual or CMS manual coding instruction
33287,95865,,20240701,*,0,CPT Manual or CMS manual coding instruction
33287,95866,,20240701,*,0,CPT Manual or CMS manual coding instruction
33287,95867,,20240701,*,0,CPT Manual or CMS manual coding instruction
33287,95868,,20240701,*,0,CPT Manual or CMS manual coding instruction
33287,95869,,20240701,*,0,CPT Manual or CMS manual coding instruction
33287,95870,,20240701,*,0,CPT Manual or CMS manual coding instruction
33287,95907,,20240701,*,0,CPT Manual or CMS manual coding instruction
33287,95908,,20240701,*,0,CPT Manual or CMS manual coding instruction
33287,95909,,20240701,*,0,CPT Manual or CMS manual coding instruction
33287,95910,,20240701,*,0,CPT Manual or CMS manual coding instruction
33287,95911,,20240701,*,0,CPT Manual or CMS manual coding instruction
33287,95912,,20240701,*,0,CPT Manual or CMS manual coding instruction
33287,95913,,20240701,*,0,CPT Manual or CMS manual coding instruction
33287,95925,,20240701,*,0,CPT Manual or CMS manual coding instruction
33287,95926,,20240701,*,0,CPT Manual or CMS manual coding instruction
33287,95927,,20240701,*,0,CPT Manual or CMS manual coding instruction
33287,95928,,20240701,*,0,CPT Manual or CMS manual coding instruction
33287,95929,,20240701,*,0,CPT Manual or CMS manual coding instruction
33287,95930,,20240701,*,0,CPT Manual or CMS manual coding instruction
33287,95933,,20240701,*,0,CPT Manual or CMS manual coding instruction
33287,95937,,20240701,*,0,CPT Manual or CMS manual coding instruction
33287,95938,,20240701,*,0,CPT Manual or CMS manual coding instruction
33287,95939,,20240701,*,0,CPT Manual or CMS manual coding instruction
33287,95940,,20240701,*,0,CPT Manual or CMS manual coding instruction
33287,95941,,20240701,*,0,Standards of medical/surgical practice
33287,96523,,20240701,*,0,CPT Manual or CMS manual coding instruction
33287,99155,,20240701,*,0,HCPCS/CPT procedure code definition
33287,99156,,20240701,*,0,HCPCS/CPT procedure code definition
33287,99157,,20240701,*,0,HCPCS/CPT procedure code definition
33287,99446,,20240701,*,0,CPT Manual or CMS manual coding instruction
33287,99447,,20240701,*,0,CPT Manual or CMS manual coding instruction
33287,99448,,20240701,*,0,CPT Manual or CMS manual coding instruction
33287,99449,,20240701,*,0,CPT Manual or CMS manual coding instruction
33287,99451,,20240701,*,0,CPT Manual or CMS manual coding instruction
33287,99452,,20240701,*,0,CPT Manual or CMS manual coding instruction
33287,99495,,20240701,*,0,CPT Manual or CMS manual coding instruction
33287,99496,,20240701,*,0,CPT Manual or CMS manual coding instruction
33287,G0453,,20240701,*,0,CPT Manual or CMS manual coding instruction
33288,33278,,20240401,*,0,CPT Manual or CMS manual coding instruction
33288,33279,,20240401,*,0,CPT Manual or CMS manual coding instruction
33288,33280,,20240401,*,0,CPT Manual or CMS manual coding instruction
33288,33281,,20240401,*,0,CPT Manual or CMS manual coding instruction
33288,36500,,20240701,*,0,Misuse of Column Two code with Column One code
33288,36591,,20240701,*,0,CPT Manual or CMS manual coding instruction
33288,36592,,20240701,*,0,CPT Manual or CMS manual coding instruction
33288,64468,,20250401,*,0,Misuse of Column Two code with Column One code
33288,64469,,20250401,*,0,Misuse of Column Two code with Column One code
33288,69990,,20240701,*,0,Misuse of Column Two code with Column One code
33288,75893,,20240701,*,0,Misuse of Column Two code with Column One code
33288,96523,,20240701,*,0,CPT Manual or CMS manual coding instruction
33300,64466,,20250401,*,0,Misuse of Column Two code with Column One code
33300,64467,,20250401,*,0,Misuse of Column Two code with Column One code
33300,64468,,20250401,*,0,Misuse of Column Two code with Column One code
33300,64469,,20250401,*,0,Misuse of Column Two code with Column One code
33305,64466,,20250401,*,0,Misuse of Column Two code with Column One code
33305,64467,,20250401,*,0,Misuse of Column Two code with Column One code
33305,64468,,20250401,*,0,Misuse of Column Two code with Column One code
33305,64469,,20250401,*,0,Misuse of Column Two code with Column One code
33310,64466,,20250401,*,0,Misuse of Column Two code with Column One code
33310,64467,,20250401,*,0,Misuse of Column Two code with Column One code
33310,64468,,20250401,*,0,Misuse of Column Two code with Column One code
33310,64469,,20250401,*,0,Misuse of Column Two code with Column One code
33315,64466,,20250401,*,0,Misuse of Column Two code with Column One code
33315,64467,,20250401,*,0,Misuse of Column Two code with Column One code
33315,64468,,20250401,*,0,Misuse of Column Two code with Column One code
33315,64469,,20250401,*,0,Misuse of Column Two code with Column One code
33320,64466,,20250401,*,0,Misuse of Column Two code with Column One code
33320,64467,,20250401,*,0,Misuse of Column Two code with Column One code
33320,64468,,20250401,*,0,Misuse of Column Two code with Column One code
33320,64469,,20250401,*,0,Misuse of Column Two code with Column One code
33321,64466,,20250401,*,0,Misuse of Column Two code with Column One code
33321,64467,,20250401,*,0,Misuse of Column Two code with Column One code
33321,64468,,20250401,*,0,Misuse of Column Two code with Column One code
33321,64469,,20250401,*,0,Misuse of Column Two code with Column One code
33322,64466,,20250401,*,0,Misuse of Column Two code with Column One code
33322,64467,,20250401,*,0,Misuse of Column Two code with Column One code
33322,64468,,20250401,*,0,Misuse of Column Two code with Column One code
33322,64469,,20250401,*,0,Misuse of Column Two code with Column One code
33330,64466,,20250401,*,0,Misuse of Column Two code with Column One code
33330,64467,,20250401,*,0,Misuse of Column Two code with Column One code
33330,64468,,20250401,*,0,Misuse of Column Two code with Column One code
33330,64469,,20250401,*,0,Misuse of Column Two code with Column One code
33335,64466,,20250401,*,0,Misuse of Column Two code with Column One code
33335,64467,,20250401,*,0,Misuse of Column Two code with Column One code
33335,64468,,20250401,*,0,Misuse of Column Two code with Column One code
33335,64469,,20250401,*,0,Misuse of Column Two code with Column One code
33340,64466,,20250401,*,0,Misuse of Column Two code with Column One code
33340,64467,,20250401,*,0,Misuse of Column Two code with Column One code
33340,64468,,20250401,*,0,Misuse of Column Two code with Column One code
33340,64469,,20250401,*,0,Misuse of Column Two code with Column One code
33361,64466,,20250401,*,0,Misuse of Column Two code with Column One code
33361,64467,,20250401,*,0,Misuse of Column Two code with Column One code
33361,64468,,20250401,*,0,Misuse of Column Two code with Column One code
33361,64469,,20250401,*,0,Misuse of Column Two code with Column One code
33362,64466,,20250401,*,0,Misuse of Column Two code with Column One code
33362,64467,,20250401,*,0,Misuse of Column Two code with Column One code
33362,64468,,20250401,*,0,Misuse of Column Two code with Column One code
33362,64469,,20250401,*,0,Misuse of Column Two code with Column One code
33363,64466,,20250401,*,0,Misuse of Column Two code with Column One code
33363,64467,,20250401,*,0,Misuse of Column Two code with Column One code
33363,64468,,20250401,*,0,Misuse of Column Two code with Column One code
33363,64469,,20250401,*,0,Misuse of Column Two code with Column One code
33364,64466,,20250401,*,0,Misuse of Column Two code with Column One code
33364,64467,,20250401,*,0,Misuse of Column Two code with Column One code
33364,64468,,20250401,*,0,Misuse of Column Two code with Column One code
33364,64469,,20250401,*,0,Misuse of Column Two code with Column One code
33365,64466,,20250401,*,0,Misuse of Column Two code with Column One code
33365,64467,,20250401,*,0,Misuse of Column Two code with Column One code
33365,64468,,20250401,*,0,Misuse of Column Two code with Column One code
33365,64469,,20250401,*,0,Misuse of Column Two code with Column One code
33366,64466,,20250401,*,0,Misuse of Column Two code with Column One code
33366,64467,,20250401,*,0,Misuse of Column Two code with Column One code
33366,64468,,20250401,*,0,Misuse of Column Two code with Column One code
33366,64469,,20250401,*,0,Misuse of Column Two code with Column One code
33390,64466,,20250401,*,0,Misuse of Column Two code with Column One code
33390,64467,,20250401,*,0,Misuse of Column Two code with Column One code
33390,64468,,20250401,*,0,Misuse of Column Two code with Column One code
33390,64469,,20250401,*,0,Misuse of Column Two code with Column One code
33391,64466,,20250401,*,0,Misuse of Column Two code with Column One code
33391,64467,,20250401,*,0,Misuse of Column Two code with Column One code
33391,64468,,20250401,*,0,Misuse of Column Two code with Column One code
33391,64469,,20250401,*,0,Misuse of Column Two code with Column One code
33404,64466,,20250401,*,0,Misuse of Column Two code with Column One code
33404,64467,,20250401,*,0,Misuse of Column Two code with Column One code
33404,64468,,20250401,*,0,Misuse of Column Two code with Column One code
33404,64469,,20250401,*,0,Misuse of Column Two code with Column One code
33405,64466,,20250401,*,0,Misuse of Column Two code with Column One code
33405,64467,,20250401,*,0,Misuse of Column Two code with Column One code
33405,64468,,20250401,*,0,Misuse of Column Two code with Column One code
33405,64469,,20250401,*,0,Misuse of Column Two code with Column One code
33406,64466,,20250401,*,0,Misuse of Column Two code with Column One code
33406,64467,,20250401,*,0,Misuse of Column Two code with Column One code
33406,64468,,20250401,*,0,Misuse of Column Two code with Column One code
33406,64469,,20250401,*,0,Misuse of Column Two code with Column One code
33410,64466,,20250401,*,0,Misuse of Column Two code with Column One code
33410,64467,,20250401,*,0,Misuse of Column Two code with Column One code
33410,64468,,20250401,*,0,Misuse of Column Two code with Column One code
33410,64469,,20250401,*,0,Misuse of Column Two code with Column One code
33411,64466,,20250401,*,0,Misuse of Column Two code with Column One code
33411,64467,,20250401,*,0,Misuse of Column Two code with Column One code
33411,64468,,20250401,*,0,Misuse of Column Two code with Column One code
33411,64469,,20250401,*,0,Misuse of Column Two code with Column One code
33412,64466,,20250401,*,0,Misuse of Column Two code with Column One code
33412,64467,,20250401,*,0,Misuse of Column Two code with Column One code
33412,64468,,20250401,*,0,Misuse of Column Two code with Column One code
33412,64469,,20250401,*,0,Misuse of Column Two code with Column One code
33413,64466,,20250401,*,0,Misuse of Column Two code with Column One code
33413,64467,,20250401,*,0,Misuse of Column Two code with Column One code
33413,64468,,20250401,*,0,Misuse of Column Two code with Column One code
33413,64469,,20250401,*,0,Misuse of Column Two code with Column One code
33414,64466,,20250401,*,0,Misuse of Column Two code with Column One code
33414,64467,,20250401,*,0,Misuse of Column Two code with Column One code
33414,64468,,20250401,*,0,Misuse of Column Two code with Column One code
33414,64469,,20250401,*,0,Misuse of Column Two code with Column One code
33415,64466,,20250401,*,0,Misuse of Column Two code with Column One code
33415,64467,,20250401,*,0,Misuse of Column Two code with Column One code
33415,64468,,20250401,*,0,Misuse of Column Two code with Column One code
33415,64469,,20250401,*,0,Misuse of Column Two code with Column One code
33416,64466,,20250401,*,0,Misuse of Column Two code with Column One code
33416,64467,,20250401,*,0,Misuse of Column Two code with Column One code
33416,64468,,20250401,*,0,Misuse of Column Two code with Column One code
33416,64469,,20250401,*,0,Misuse of Column Two code with Column One code
33417,64466,,20250401,*,0,Misuse of Column Two code with Column One code
33417,64467,,20250401,*,0,Misuse of Column Two code with Column One code
33417,64468,,20250401,*,0,Misuse of Column Two code with Column One code
33417,64469,,20250401,*,0,Misuse of Column Two code with Column One code
33418,64466,,20250401,*,0,Misuse of Column Two code with Column One code
33418,64467,,20250401,*,0,Misuse of Column Two code with Column One code
33418,64468,,20250401,*,0,Misuse of Column Two code with Column One code
33418,64469,,20250401,*,0,Misuse of Column Two code with Column One code
33420,64466,,20250401,*,0,Misuse of Column Two code with Column One code
33420,64467,,20250401,*,0,Misuse of Column Two code with Column One code
33420,64468,,20250401,*,0,Misuse of Column Two code with Column One code
33420,64469,,20250401,*,0,Misuse of Column Two code with Column One code
33422,64466,,20250401,*,0,Misuse of Column Two code with Column One code
33422,64467,,20250401,*,0,Misuse of Column Two code with Column One code
33422,64468,,20250401,*,0,Misuse of Column Two code with Column One code
33422,64469,,20250401,*,0,Misuse of Column Two code with Column One code
33425,64466,,20250401,*,0,Misuse of Column Two code with Column One code
33425,64467,,20250401,*,0,Misuse of Column Two code with Column One code
33425,64468,,20250401,*,0,Misuse of Column Two code with Column One code
33425,64469,,20250401,*,0,Misuse of Column Two code with Column One code
33426,64466,,20250401,*,0,Misuse of Column Two code with Column One code
33426,64467,,20250401,*,0,Misuse of Column Two code with Column One code
33426,64468,,20250401,*,0,Misuse of Column Two code with Column One code
33426,64469,,20250401,*,0,Misuse of Column Two code with Column One code
33427,64466,,20250401,*,0,Misuse of Column Two code with Column One code
33427,64467,,20250401,*,0,Misuse of Column Two code with Column One code
33427,64468,,20250401,*,0,Misuse of Column Two code with Column One code
33427,64469,,20250401,*,0,Misuse of Column Two code with Column One code
33430,64466,,20250401,*,0,Misuse of Column Two code with Column One code
33430,64467,,20250401,*,0,Misuse of Column Two code with Column One code
33430,64468,,20250401,*,0,Misuse of Column Two code with Column One code
33430,64469,,20250401,*,0,Misuse of Column Two code with Column One code
33440,64466,,20250401,*,0,Misuse of Column Two code with Column One code
33440,64467,,20250401,*,0,Misuse of Column Two code with Column One code
33440,64468,,20250401,*,0,Misuse of Column Two code with Column One code
33440,64469,,20250401,*,0,Misuse of Column Two code with Column One code
33460,64466,,20250401,*,0,Misuse of Column Two code with Column One code
33460,64467,,20250401,*,0,Misuse of Column Two code with Column One code
33460,64468,,20250401,*,0,Misuse of Column Two code with Column One code
33460,64469,,20250401,*,0,Misuse of Column Two code with Column One code
33463,64466,,20250401,*,0,Misuse of Column Two code with Column One code
33463,64467,,20250401,*,0,Misuse of Column Two code with Column One code
33463,64468,,20250401,*,0,Misuse of Column Two code with Column One code
33463,64469,,20250401,*,0,Misuse of Column Two code with Column One code
33464,64466,,20250401,*,0,Misuse of Column Two code with Column One code
33464,64467,,20250401,*,0,Misuse of Column Two code with Column One code
33464,64468,,20250401,*,0,Misuse of Column Two code with Column One code
33464,64469,,20250401,*,0,Misuse of Column Two code with Column One code
33465,64466,,20250401,*,0,Misuse of Column Two code with Column One code
33465,64467,,20250401,*,0,Misuse of Column Two code with Column One code
33465,64468,,20250401,*,0,Misuse of Column Two code with Column One code
33465,64469,,20250401,*,0,Misuse of Column Two code with Column One code
33468,64466,,20250401,*,0,Misuse of Column Two code with Column One code
33468,64467,,20250401,*,0,Misuse of Column Two code with Column One code
33468,64468,,20250401,*,0,Misuse of Column Two code with Column One code
33468,64469,,20250401,*,0,Misuse of Column Two code with Column One code
33474,64466,,20250401,*,0,Misuse of Column Two code with Column One code
33474,64467,,20250401,*,0,Misuse of Column Two code with Column One code
33474,64468,,20250401,*,0,Misuse of Column Two code with Column One code
33474,64469,,20250401,*,0,Misuse of Column Two code with Column One code
33475,64466,,20250401,*,0,Misuse of Column Two code with Column One code
33475,64467,,20250401,*,0,Misuse of Column Two code with Column One code
33475,64468,,20250401,*,0,Misuse of Column Two code with Column One code
33475,64469,,20250401,*,0,Misuse of Column Two code with Column One code
33476,64466,,20250401,*,0,Misuse of Column Two code with Column One code
33476,64467,,20250401,*,0,Misuse of Column Two code with Column One code
33476,64468,,20250401,*,0,Misuse of Column Two code with Column One code
33476,64469,,20250401,*,0,Misuse of Column Two code with Column One code
33477,64466,,20250401,*,0,Misuse of Column Two code with Column One code
33477,64467,,20250401,*,0,Misuse of Column Two code with Column One code
33477,64468,,20250401,*,0,Misuse of Column Two code with Column One code
33477,64469,,20250401,*,0,Misuse of Column Two code with Column One code
33478,64466,,20250401,*,0,Misuse of Column Two code with Column One code
33478,64467,,20250401,*,0,Misuse of Column Two code with Column One code
33478,64468,,20250401,*,0,Misuse of Column Two code with Column One code
33478,64469,,20250401,*,0,Misuse of Column Two code with Column One code
33496,64466,,20250401,*,0,Misuse of Column Two code with Column One code
33496,64467,,20250401,*,0,Misuse of Column Two code with Column One code
33496,64468,,20250401,*,0,Misuse of Column Two code with Column One code
33496,64469,,20250401,*,0,Misuse of Column Two code with Column One code
33500,64466,,20250401,*,0,Misuse of Column Two code with Column One code
33500,64467,,20250401,*,0,Misuse of Column Two code with Column One code
33500,64468,,20250401,*,0,Misuse of Column Two code with Column One code
33500,64469,,20250401,*,0,Misuse of Column Two code with Column One code
33501,64466,,20250401,*,0,Misuse of Column Two code with Column One code
33501,64467,,20250401,*,0,Misuse of Column Two code with Column One code
33501,64468,,20250401,*,0,Misuse of Column Two code with Column One code
33501,64469,,20250401,*,0,Misuse of Column Two code with Column One code
33502,64466,,20250401,*,0,Misuse of Column Two code with Column One code
33502,64467,,20250401,*,0,Misuse of Column Two code with Column One code
33502,64468,,20250401,*,0,Misuse of Column Two code with Column One code
33502,64469,,20250401,*,0,Misuse of Column Two code with Column One code
33503,64466,,20250401,*,0,Misuse of Column Two code with Column One code
33503,64467,,20250401,*,0,Misuse of Column Two code with Column One code
33503,64468,,20250401,*,0,Misuse of Column Two code with Column One code
33503,64469,,20250401,*,0,Misuse of Column Two code with Column One code
33504,64466,,20250401,*,0,Misuse of Column Two code with Column One code
33504,64467,,20250401,*,0,Misuse of Column Two code with Column One code
33504,64468,,20250401,*,0,Misuse of Column Two code with Column One code
33504,64469,,20250401,*,0,Misuse of Column Two code with Column One code
33505,64466,,20250401,*,0,Misuse of Column Two code with Column One code
33505,64467,,20250401,*,0,Misuse of Column Two code with Column One code
33505,64468,,20250401,*,0,Misuse of Column Two code with Column One code
33505,64469,,20250401,*,0,Misuse of Column Two code with Column One code
33506,64466,,20250401,*,0,Misuse of Column Two code with Column One code
33506,64467,,20250401,*,0,Misuse of Column Two code with Column One code
33506,64468,,20250401,*,0,Misuse of Column Two code with Column One code
33506,64469,,20250401,*,0,Misuse of Column Two code with Column One code
33507,64466,,20250401,*,0,Misuse of Column Two code with Column One code
33507,64467,,20250401,*,0,Misuse of Column Two code with Column One code
33507,64468,,20250401,*,0,Misuse of Column Two code with Column One code
33507,64469,,20250401,*,0,Misuse of Column Two code with Column One code
33509,64466,,20250401,*,0,Misuse of Column Two code with Column One code
33509,64467,,20250401,*,0,Misuse of Column Two code with Column One code
33509,64468,,20250401,*,0,Misuse of Column Two code with Column One code
33509,64469,,20250401,*,0,Misuse of Column Two code with Column One code
33510,64466,,20250401,*,0,Misuse of Column Two code with Column One code
33510,64467,,20250401,*,0,Misuse of Column Two code with Column One code
33510,64468,,20250401,*,0,Misuse of Column Two code with Column One code
33510,64469,,20250401,*,0,Misuse of Column Two code with Column One code
33511,64466,,20250401,*,0,Misuse of Column Two code with Column One code
33511,64467,,20250401,*,0,Misuse of Column Two code with Column One code
33511,64468,,20250401,*,0,Misuse of Column Two code with Column One code
33511,64469,,20250401,*,0,Misuse of Column Two code with Column One code
33512,64466,,20250401,*,0,Misuse of Column Two code with Column One code
33512,64467,,20250401,*,0,Misuse of Column Two code with Column One code
33512,64468,,20250401,*,0,Misuse of Column Two code with Column One code
33512,64469,,20250401,*,0,Misuse of Column Two code with Column One code
33513,64466,,20250401,*,0,Misuse of Column Two code with Column One code
33513,64467,,20250401,*,0,Misuse of Column Two code with Column One code
33513,64468,,20250401,*,0,Misuse of Column Two code with Column One code
33513,64469,,20250401,*,0,Misuse of Column Two code with Column One code
33514,64466,,20250401,*,0,Misuse of Column Two code with Column One code
33514,64467,,20250401,*,0,Misuse of Column Two code with Column One code
33514,64468,,20250401,*,0,Misuse of Column Two code with Column One code
33514,64469,,20250401,*,0,Misuse of Column Two code with Column One code
33516,64466,,20250401,*,0,Misuse of Column Two code with Column One code
33516,64467,,20250401,*,0,Misuse of Column Two code with Column One code
33516,64468,,20250401,*,0,Misuse of Column Two code with Column One code
33516,64469,,20250401,*,0,Misuse of Column Two code with Column One code
33533,64466,,20250401,*,0,Misuse of Column Two code with Column One code
33533,64467,,20250401,*,0,Misuse of Column Two code with Column One code
33533,64468,,20250401,*,0,Misuse of Column Two code with Column One code
33533,64469,,20250401,*,0,Misuse of Column Two code with Column One code
33534,64466,,20250401,*,0,Misuse of Column Two code with Column One code
33534,64467,,20250401,*,0,Misuse of Column Two code with Column One code
33534,64468,,20250401,*,0,Misuse of Column Two code with Column One code
33534,64469,,20250401,*,0,Misuse of Column Two code with Column One code
33535,64466,,20250401,*,0,Misuse of Column Two code with Column One code
33535,64467,,20250401,*,0,Misuse of Column Two code with Column One code
33535,64468,,20250401,*,0,Misuse of Column Two code with Column One code
33535,64469,,20250401,*,0,Misuse of Column Two code with Column One code
33536,64466,,20250401,*,0,Misuse of Column Two code with Column One code
33536,64467,,20250401,*,0,Misuse of Column Two code with Column One code
33536,64468,,20250401,*,0,Misuse of Column Two code with Column One code
33536,64469,,20250401,*,0,Misuse of Column Two code with Column One code
33542,64466,,20250401,*,0,Misuse of Column Two code with Column One code
33542,64467,,20250401,*,0,Misuse of Column Two code with Column One code
33542,64468,,20250401,*,0,Misuse of Column Two code with Column One code
33542,64469,,20250401,*,0,Misuse of Column Two code with Column One code
33545,64466,,20250401,*,0,Misuse of Column Two code with Column One code
33545,64467,,20250401,*,0,Misuse of Column Two code with Column One code
33545,64468,,20250401,*,0,Misuse of Column Two code with Column One code
33545,64469,,20250401,*,0,Misuse of Column Two code with Column One code
33548,64466,,20250401,*,0,Misuse of Column Two code with Column One code
33548,64467,,20250401,*,0,Misuse of Column Two code with Column One code
33548,64468,,20250401,*,0,Misuse of Column Two code with Column One code
33548,64469,,20250401,*,0,Misuse of Column Two code with Column One code
33600,64466,,20250401,*,0,Misuse of Column Two code with Column One code
33600,64467,,20250401,*,0,Misuse of Column Two code with Column One code
33600,64468,,20250401,*,0,Misuse of Column Two code with Column One code
33600,64469,,20250401,*,0,Misuse of Column Two code with Column One code
33602,64466,,20250401,*,0,Misuse of Column Two code with Column One code
33602,64467,,20250401,*,0,Misuse of Column Two code with Column One code
33602,64468,,20250401,*,0,Misuse of Column Two code with Column One code
33602,64469,,20250401,*,0,Misuse of Column Two code with Column One code
33606,64466,,20250401,*,0,Misuse of Column Two code with Column One code
33606,64467,,20250401,*,0,Misuse of Column Two code with Column One code
33606,64468,,20250401,*,0,Misuse of Column Two code with Column One code
33606,64469,,20250401,*,0,Misuse of Column Two code with Column One code
33608,64466,,20250401,*,0,Misuse of Column Two code with Column One code
33608,64467,,20250401,*,0,Misuse of Column Two code with Column One code
33608,64468,,20250401,*,0,Misuse of Column Two code with Column One code
33608,64469,,20250401,*,0,Misuse of Column Two code with Column One code
33610,64466,,20250401,*,0,Misuse of Column Two code with Column One code
33610,64467,,20250401,*,0,Misuse of Column Two code with Column One code
33610,64468,,20250401,*,0,Misuse of Column Two code with Column One code
33610,64469,,20250401,*,0,Misuse of Column Two code with Column One code
33611,64466,,20250401,*,0,Misuse of Column Two code with Column One code
33611,64467,,20250401,*,0,Misuse of Column Two code with Column One code
33611,64468,,20250401,*,0,Misuse of Column Two code with Column One code
33611,64469,,20250401,*,0,Misuse of Column Two code with Column One code
33612,64466,,20250401,*,0,Misuse of Column Two code with Column One code
33612,64467,,20250401,*,0,Misuse of Column Two code with Column One code
33612,64468,,20250401,*,0,Misuse of Column Two code with Column One code
33612,64469,,20250401,*,0,Misuse of Column Two code with Column One code
33615,64466,,20250401,*,0,Misuse of Column Two code with Column One code
33615,64467,,20250401,*,0,Misuse of Column Two code with Column One code
33615,64468,,20250401,*,0,Misuse of Column Two code with Column One code
33615,64469,,20250401,*,0,Misuse of Column Two code with Column One code
33617,64466,,20250401,*,0,Misuse of Column Two code with Column One code
33617,64467,,20250401,*,0,Misuse of Column Two code with Column One code
33617,64468,,20250401,*,0,Misuse of Column Two code with Column One code
33617,64469,,20250401,*,0,Misuse of Column Two code with Column One code
33619,64466,,20250401,*,0,Misuse of Column Two code with Column One code
33619,64467,,20250401,*,0,Misuse of Column Two code with Column One code
33619,64468,,20250401,*,0,Misuse of Column Two code with Column One code
33619,64469,,20250401,*,0,Misuse of Column Two code with Column One code
33620,64466,,20250401,*,0,Misuse of Column Two code with Column One code
33620,64467,,20250401,*,0,Misuse of Column Two code with Column One code
33620,64468,,20250401,*,0,Misuse of Column Two code with Column One code
33620,64469,,20250401,*,0,Misuse of Column Two code with Column One code
33621,64466,,20250401,*,0,Misuse of Column Two code with Column One code
33621,64467,,20250401,*,0,Misuse of Column Two code with Column One code
33621,64468,,20250401,*,0,Misuse of Column Two code with Column One code
33621,64469,,20250401,*,0,Misuse of Column Two code with Column One code
33622,64466,,20250401,*,0,Misuse of Column Two code with Column One code
33622,64467,,20250401,*,0,Misuse of Column Two code with Column One code
33622,64468,,20250401,*,0,Misuse of Column Two code with Column One code
33622,64469,,20250401,*,0,Misuse of Column Two code with Column One code
33641,64466,,20250401,*,0,Misuse of Column Two code with Column One code
33641,64467,,20250401,*,0,Misuse of Column Two code with Column One code
33641,64468,,20250401,*,0,Misuse of Column Two code with Column One code
33641,64469,,20250401,*,0,Misuse of Column Two code with Column One code
33645,64466,,20250401,*,0,Misuse of Column Two code with Column One code
33645,64467,,20250401,*,0,Misuse of Column Two code with Column One code
33645,64468,,20250401,*,0,Misuse of Column Two code with Column One code
33645,64469,,20250401,*,0,Misuse of Column Two code with Column One code
33647,64466,,20250401,*,0,Misuse of Column Two code with Column One code
33647,64467,,20250401,*,0,Misuse of Column Two code with Column One code
33647,64468,,20250401,*,0,Misuse of Column Two code with Column One code
33647,64469,,20250401,*,0,Misuse of Column Two code with Column One code
33660,64466,,20250401,*,0,Misuse of Column Two code with Column One code
33660,64467,,20250401,*,0,Misuse of Column Two code with Column One code
33660,64468,,20250401,*,0,Misuse of Column Two code with Column One code
33660,64469,,20250401,*,0,Misuse of Column Two code with Column One code
33665,64466,,20250401,*,0,Misuse of Column Two code with Column One code
33665,64467,,20250401,*,0,Misuse of Column Two code with Column One code
33665,64468,,20250401,*,0,Misuse of Column Two code with Column One code
33665,64469,,20250401,*,0,Misuse of Column Two code with Column One code
33670,64466,,20250401,*,0,Misuse of Column Two code with Column One code
33670,64467,,20250401,*,0,Misuse of Column Two code with Column One code
33670,64468,,20250401,*,0,Misuse of Column Two code with Column One code
33670,64469,,20250401,*,0,Misuse of Column Two code with Column One code
33675,64466,,20250401,*,0,Misuse of Column Two code with Column One code
33675,64467,,20250401,*,0,Misuse of Column Two code with Column One code
33675,64468,,20250401,*,0,Misuse of Column Two code with Column One code
33675,64469,,20250401,*,0,Misuse of Column Two code with Column One code
33676,64466,,20250401,*,0,Misuse of Column Two code with Column One code
33676,64467,,20250401,*,0,Misuse of Column Two code with Column One code
33676,64468,,20250401,*,0,Misuse of Column Two code with Column One code
33676,64469,,20250401,*,0,Misuse of Column Two code with Column One code
33677,64466,,20250401,*,0,Misuse of Column Two code with Column One code
33677,64467,,20250401,*,0,Misuse of Column Two code with Column One code
33677,64468,,20250401,*,0,Misuse of Column Two code with Column One code
33677,64469,,20250401,*,0,Misuse of Column Two code with Column One code
33681,64466,,20250401,*,0,Misuse of Column Two code with Column One code
33681,64467,,20250401,*,0,Misuse of Column Two code with Column One code
33681,64468,,20250401,*,0,Misuse of Column Two code with Column One code
33681,64469,,20250401,*,0,Misuse of Column Two code with Column One code
33684,64466,,20250401,*,0,Misuse of Column Two code with Column One code
33684,64467,,20250401,*,0,Misuse of Column Two code with Column One code
33684,64468,,20250401,*,0,Misuse of Column Two code with Column One code
33684,64469,,20250401,*,0,Misuse of Column Two code with Column One code
33688,64466,,20250401,*,0,Misuse of Column Two code with Column One code
33688,64467,,20250401,*,0,Misuse of Column Two code with Column One code
33688,64468,,20250401,*,0,Misuse of Column Two code with Column One code
33688,64469,,20250401,*,0,Misuse of Column Two code with Column One code
33690,64466,,20250401,*,0,Misuse of Column Two code with Column One code
33690,64467,,20250401,*,0,Misuse of Column Two code with Column One code
33690,64468,,20250401,*,0,Misuse of Column Two code with Column One code
33690,64469,,20250401,*,0,Misuse of Column Two code with Column One code
33692,64466,,20250401,*,0,Misuse of Column Two code with Column One code
33692,64467,,20250401,*,0,Misuse of Column Two code with Column One code
33692,64468,,20250401,*,0,Misuse of Column Two code with Column One code
33692,64469,,20250401,*,0,Misuse of Column Two code with Column One code
33694,64466,,20250401,*,0,Misuse of Column Two code with Column One code
33694,64467,,20250401,*,0,Misuse of Column Two code with Column One code
33694,64468,,20250401,*,0,Misuse of Column Two code with Column One code
33694,64469,,20250401,*,0,Misuse of Column Two code with Column One code
33697,64466,,20250401,*,0,Misuse of Column Two code with Column One code
33697,64467,,20250401,*,0,Misuse of Column Two code with Column One code
33697,64468,,20250401,*,0,Misuse of Column Two code with Column One code
33697,64469,,20250401,*,0,Misuse of Column Two code with Column One code
33702,64466,,20250401,*,0,Misuse of Column Two code with Column One code
33702,64467,,20250401,*,0,Misuse of Column Two code with Column One code
33702,64468,,20250401,*,0,Misuse of Column Two code with Column One code
33702,64469,,20250401,*,0,Misuse of Column Two code with Column One code
33710,64466,,20250401,*,0,Misuse of Column Two code with Column One code
33710,64467,,20250401,*,0,Misuse of Column Two code with Column One code
33710,64468,,20250401,*,0,Misuse of Column Two code with Column One code
33710,64469,,20250401,*,0,Misuse of Column Two code with Column One code
33720,64466,,20250401,*,0,Misuse of Column Two code with Column One code
33720,64467,,20250401,*,0,Misuse of Column Two code with Column One code
33720,64468,,20250401,*,0,Misuse of Column Two code with Column One code
33720,64469,,20250401,*,0,Misuse of Column Two code with Column One code
33724,64466,,20250401,*,0,Misuse of Column Two code with Column One code
33724,64467,,20250401,*,0,Misuse of Column Two code with Column One code
33724,64468,,20250401,*,0,Misuse of Column Two code with Column One code
33724,64469,,20250401,*,0,Misuse of Column Two code with Column One code
33726,64466,,20250401,*,0,Misuse of Column Two code with Column One code
33726,64467,,20250401,*,0,Misuse of Column Two code with Column One code
33726,64468,,20250401,*,0,Misuse of Column Two code with Column One code
33726,64469,,20250401,*,0,Misuse of Column Two code with Column One code
33730,64466,,20250401,*,0,Misuse of Column Two code with Column One code
33730,64467,,20250401,*,0,Misuse of Column Two code with Column One code
33730,64468,,20250401,*,0,Misuse of Column Two code with Column One code
33730,64469,,20250401,*,0,Misuse of Column Two code with Column One code
33732,64466,,20250401,*,0,Misuse of Column Two code with Column One code
33732,64467,,20250401,*,0,Misuse of Column Two code with Column One code
33732,64468,,20250401,*,0,Misuse of Column Two code with Column One code
33732,64469,,20250401,*,0,Misuse of Column Two code with Column One code
33735,64466,,20250401,*,0,Misuse of Column Two code with Column One code
33735,64467,,20250401,*,0,Misuse of Column Two code with Column One code
33735,64468,,20250401,*,0,Misuse of Column Two code with Column One code
33735,64469,,20250401,*,0,Misuse of Column Two code with Column One code
33736,64466,,20250401,*,0,Misuse of Column Two code with Column One code
33736,64467,,20250401,*,0,Misuse of Column Two code with Column One code
33736,64468,,20250401,*,0,Misuse of Column Two code with Column One code
33736,64469,,20250401,*,0,Misuse of Column Two code with Column One code
33741,64466,,20250401,*,0,Misuse of Column Two code with Column One code
33741,64467,,20250401,*,0,Misuse of Column Two code with Column One code
33741,64468,,20250401,*,0,Misuse of Column Two code with Column One code
33741,64469,,20250401,*,0,Misuse of Column Two code with Column One code
33745,64466,,20250401,*,0,Misuse of Column Two code with Column One code
33745,64467,,20250401,*,0,Misuse of Column Two code with Column One code
33745,64468,,20250401,*,0,Misuse of Column Two code with Column One code
33745,64469,,20250401,*,0,Misuse of Column Two code with Column One code
33750,64466,,20250401,*,0,Misuse of Column Two code with Column One code
33750,64467,,20250401,*,0,Misuse of Column Two code with Column One code
33750,64468,,20250401,*,0,Misuse of Column Two code with Column One code
33750,64469,,20250401,*,0,Misuse of Column Two code with Column One code
33755,64466,,20250401,*,0,Misuse of Column Two code with Column One code
33755,64467,,20250401,*,0,Misuse of Column Two code with Column One code
33755,64468,,20250401,*,0,Misuse of Column Two code with Column One code
33755,64469,,20250401,*,0,Misuse of Column Two code with Column One code
33762,64466,,20250401,*,0,Misuse of Column Two code with Column One code
33762,64467,,20250401,*,0,Misuse of Column Two code with Column One code
33762,64468,,20250401,*,0,Misuse of Column Two code with Column One code
33762,64469,,20250401,*,0,Misuse of Column Two code with Column One code
33764,64466,,20250701,*,0,Misuse of Column Two code with Column One code
33764,64467,,20250701,*,0,Misuse of Column Two code with Column One code
33764,64468,,20250701,*,0,Misuse of Column Two code with Column One code
33764,64469,,20250701,*,0,Misuse of Column Two code with Column One code
33766,64466,,20250701,*,0,Misuse of Column Two code with Column One code
33766,64467,,20250701,*,0,Misuse of Column Two code with Column One code
33766,64468,,20250701,*,0,Misuse of Column Two code with Column One code
33766,64469,,20250701,*,0,Misuse of Column Two code with Column One code
33767,64466,,20250701,*,0,Misuse of Column Two code with Column One code
33767,64467,,20250701,*,0,Misuse of Column Two code with Column One code
33767,64468,,20250701,*,0,Misuse of Column Two code with Column One code
33767,64469,,20250701,*,0,Misuse of Column Two code with Column One code
33770,64466,,20250701,*,0,Misuse of Column Two code with Column One code
33770,64467,,20250701,*,0,Misuse of Column Two code with Column One code
33770,64468,,20250701,*,0,Misuse of Column Two code with Column One code
33770,64469,,20250701,*,0,Misuse of Column Two code with Column One code
33771,64466,,20250701,*,0,Misuse of Column Two code with Column One code
33771,64467,,20250701,*,0,Misuse of Column Two code with Column One code
33771,64468,,20250701,*,0,Misuse of Column Two code with Column One code
33771,64469,,20250701,*,0,Misuse of Column Two code with Column One code
33774,64466,,20250701,*,0,Misuse of Column Two code with Column One code
33774,64467,,20250701,*,0,Misuse of Column Two code with Column One code
33774,64468,,20250701,*,0,Misuse of Column Two code with Column One code
33774,64469,,20250701,*,0,Misuse of Column Two code with Column One code
33775,64466,,20250701,*,0,Misuse of Column Two code with Column One code
33775,64467,,20250701,*,0,Misuse of Column Two code with Column One code
33775,64468,,20250701,*,0,Misuse of Column Two code with Column One code
33775,64469,,20250701,*,0,Misuse of Column Two code with Column One code
33776,64466,,20250701,*,0,Misuse of Column Two code with Column One code
33776,64467,,20250701,*,0,Misuse of Column Two code with Column One code
33776,64468,,20250701,*,0,Misuse of Column Two code with Column One code
33776,64469,,20250701,*,0,Misuse of Column Two code with Column One code
33777,64466,,20250701,*,0,Misuse of Column Two code with Column One code
33777,64467,,20250701,*,0,Misuse of Column Two code with Column One code
33777,64468,,20250701,*,0,Misuse of Column Two code with Column One code
33777,64469,,20250701,*,0,Misuse of Column Two code with Column One code
33778,64466,,20250701,*,0,Misuse of Column Two code with Column One code
33778,64467,,20250701,*,0,Misuse of Column Two code with Column One code
33778,64468,,20250701,*,0,Misuse of Column Two code with Column One code
33778,64469,,20250701,*,0,Misuse of Column Two code with Column One code
33779,64466,,20250701,*,0,Misuse of Column Two code with Column One code
33779,64467,,20250701,*,0,Misuse of Column Two code with Column One code
33779,64468,,20250701,*,0,Misuse of Column Two code with Column One code
33779,64469,,20250701,*,0,Misuse of Column Two code with Column One code
33780,64466,,20250701,*,0,Misuse of Column Two code with Column One code
33780,64467,,20250701,*,0,Misuse of Column Two code with Column One code
33780,64468,,20250701,*,0,Misuse of Column Two code with Column One code
33780,64469,,20250701,*,0,Misuse of Column Two code with Column One code
33781,64466,,20250701,*,0,Misuse of Column Two code with Column One code
33781,64467,,20250701,*,0,Misuse of Column Two code with Column One code
33781,64468,,20250701,*,0,Misuse of Column Two code with Column One code
33781,64469,,20250701,*,0,Misuse of Column Two code with Column One code
33782,64466,,20250701,*,0,Misuse of Column Two code with Column One code
33782,64467,,20250701,*,0,Misuse of Column Two code with Column One code
33782,64468,,20250701,*,0,Misuse of Column Two code with Column One code
33782,64469,,20250701,*,0,Misuse of Column Two code with Column One code
33783,64466,,20250701,*,0,Misuse of Column Two code with Column One code
33783,64467,,20250701,*,0,Misuse of Column Two code with Column One code
33783,64468,,20250701,*,0,Misuse of Column Two code with Column One code
33783,64469,,20250701,*,0,Misuse of Column Two code with Column One code
33786,64466,,20250701,*,0,Misuse of Column Two code with Column One code
33786,64467,,20250701,*,0,Misuse of Column Two code with Column One code
33786,64468,,20250701,*,0,Misuse of Column Two code with Column One code
33786,64469,,20250701,*,0,Misuse of Column Two code with Column One code
33788,64466,,20250701,*,0,Misuse of Column Two code with Column One code
33788,64467,,20250701,*,0,Misuse of Column Two code with Column One code
33788,64468,,20250701,*,0,Misuse of Column Two code with Column One code
33788,64469,,20250701,*,0,Misuse of Column Two code with Column One code
33800,64466,,20250701,*,0,Misuse of Column Two code with Column One code
33800,64467,,20250701,*,0,Misuse of Column Two code with Column One code
33800,64468,,20250701,*,0,Misuse of Column Two code with Column One code
33800,64469,,20250701,*,0,Misuse of Column Two code with Column One code
33802,64466,,20250701,*,0,Misuse of Column Two code with Column One code
33802,64467,,20250701,*,0,Misuse of Column Two code with Column One code
33802,64468,,20250701,*,0,Misuse of Column Two code with Column One code
33802,64469,,20250701,*,0,Misuse of Column Two code with Column One code
33803,64466,,20250701,*,0,Misuse of Column Two code with Column One code
33803,64467,,20250701,*,0,Misuse of Column Two code with Column One code
33803,64468,,20250701,*,0,Misuse of Column Two code with Column One code
33803,64469,,20250701,*,0,Misuse of Column Two code with Column One code
33814,64466,,20250701,*,0,Misuse of Column Two code with Column One code
33814,64467,,20250701,*,0,Misuse of Column Two code with Column One code
33814,64468,,20250701,*,0,Misuse of Column Two code with Column One code
33814,64469,,20250701,*,0,Misuse of Column Two code with Column One code
33820,64466,,20250701,*,0,Misuse of Column Two code with Column One code
33820,64467,,20250701,*,0,Misuse of Column Two code with Column One code
33820,64468,,20250701,*,0,Misuse of Column Two code with Column One code
33820,64469,,20250701,*,0,Misuse of Column Two code with Column One code
33822,64466,,20250701,*,0,Misuse of Column Two code with Column One code
33822,64467,,20250701,*,0,Misuse of Column Two code with Column One code
33822,64468,,20250701,*,0,Misuse of Column Two code with Column One code
33822,64469,,20250701,*,0,Misuse of Column Two code with Column One code
33824,64466,,20250701,*,0,Misuse of Column Two code with Column One code
33824,64467,,20250701,*,0,Misuse of Column Two code with Column One code
33824,64468,,20250701,*,0,Misuse of Column Two code with Column One code
33824,64469,,20250701,*,0,Misuse of Column Two code with Column One code
33840,64466,,20250701,*,0,Misuse of Column Two code with Column One code
33840,64467,,20250701,*,0,Misuse of Column Two code with Column One code
33840,64468,,20250701,*,0,Misuse of Column Two code with Column One code
33840,64469,,20250701,*,0,Misuse of Column Two code with Column One code
33845,64466,,20250701,*,0,Misuse of Column Two code with Column One code
33845,64467,,20250701,*,0,Misuse of Column Two code with Column One code
33845,64468,,20250701,*,0,Misuse of Column Two code with Column One code
33845,64469,,20250701,*,0,Misuse of Column Two code with Column One code
33851,64466,,20250701,*,0,Misuse of Column Two code with Column One code
33851,64467,,20250701,*,0,Misuse of Column Two code with Column One code
33851,64468,,20250701,*,0,Misuse of Column Two code with Column One code
33851,64469,,20250701,*,0,Misuse of Column Two code with Column One code
33852,64466,,20250701,*,0,Misuse of Column Two code with Column One code
33852,64467,,20250701,*,0,Misuse of Column Two code with Column One code
33852,64468,,20250701,*,0,Misuse of Column Two code with Column One code
33852,64469,,20250701,*,0,Misuse of Column Two code with Column One code
33853,64466,,20250701,*,0,Misuse of Column Two code with Column One code
33853,64467,,20250701,*,0,Misuse of Column Two code with Column One code
33853,64468,,20250701,*,0,Misuse of Column Two code with Column One code
33853,64469,,20250701,*,0,Misuse of Column Two code with Column One code
33863,64466,,20250701,*,0,Misuse of Column Two code with Column One code
33863,64467,,20250701,*,0,Misuse of Column Two code with Column One code
33863,64468,,20250701,*,0,Misuse of Column Two code with Column One code
33863,64469,,20250701,*,0,Misuse of Column Two code with Column One code
33864,64466,,20250701,*,0,Misuse of Column Two code with Column One code
33864,64467,,20250701,*,0,Misuse of Column Two code with Column One code
33864,64468,,20250701,*,0,Misuse of Column Two code with Column One code
33864,64469,,20250701,*,0,Misuse of Column Two code with Column One code
33871,0776T,,20230101,*,0,HCPCS/CPT procedure code definition
33875,64466,,20250701,*,0,Misuse of Column Two code with Column One code
33875,64467,,20250701,*,0,Misuse of Column Two code with Column One code
33875,64468,,20250701,*,0,Misuse of Column Two code with Column One code
33875,64469,,20250701,*,0,Misuse of Column Two code with Column One code
33877,64466,,20250701,*,0,Misuse of Column Two code with Column One code
33877,64467,,20250701,*,0,Misuse of Column Two code with Column One code
33877,64468,,20250701,*,0,Misuse of Column Two code with Column One code
33877,64469,,20250701,*,0,Misuse of Column Two code with Column One code
33900,01924,,20230101,*,0,Anesthesia service included in surgical procedure
33900,01925,,20230101,*,0,Anesthesia service included in surgical procedure
33900,01926,,20230101,*,0,Anesthesia service included in surgical procedure
33900,0213T,,20230101,*,0,Misuse of Column Two code with Column One code
33900,0216T,,20230101,*,0,Misuse of Column Two code with Column One code
33900,33210,,20230101,*,0,CPT Separate procedure definition
33900,33211,,20230101,*,0,CPT Separate procedure definition
33900,36591,,20230101,*,0,CPT Manual or CMS manual coding instruction
33900,36592,,20230101,*,0,CPT Manual or CMS manual coding instruction
33900,62320,,20230101,*,0,Misuse of Column Two code with Column One code
33900,62321,,20230101,*,0,Misuse of Column Two code with Column One code
33900,62322,,20230101,*,0,Misuse of Column Two code with Column One code
33900,62323,,20230101,*,0,Misuse of Column Two code with Column One code
33900,62324,,20230101,*,0,Misuse of Column Two code with Column One code
33900,62325,,20230101,*,0,Misuse of Column Two code with Column One code
33900,62326,,20230101,*,0,Misuse of Column Two code with Column One code
33900,62327,,20230101,*,0,Misuse of Column Two code with Column One code
33900,64400,,20230101,*,0,Misuse of Column Two code with Column One code
33900,64405,,20230101,*,0,Misuse of Column Two code with Column One code
33900,64408,,20230101,*,0,Misuse of Column Two code with Column One code
33900,64415,,20230101,*,0,Misuse of Column Two code with Column One code
33900,64416,,20230101,*,0,Misuse of Column Two code with Column One code
33900,64417,,20230101,*,0,Misuse of Column Two code with Column One code
33900,64418,,20230101,*,0,Misuse of Column Two code with Column One code
33900,64420,,20230101,*,0,Misuse of Column Two code with Column One code
33900,64421,,20230101,*,0,Misuse of Column Two code with Column One code
33900,64425,,20230101,*,0,Misuse of Column Two code with Column One code
33900,64430,,20230101,*,0,Misuse of Column Two code with Column One code
33900,64435,,20230101,*,0,Misuse of Column Two code with Column One code
33900,64445,,20230101,*,0,Misuse of Column Two code with Column One code
33900,64446,,20230101,*,0,Misuse of Column Two code with Column One code
33900,64447,,20230101,*,0,Misuse of Column Two code with Column One code
33900,64448,,20230101,*,0,Misuse of Column Two code with Column One code
33900,64449,,20230101,*,0,Misuse of Column Two code with Column One code
33900,64450,,20230101,*,0,Misuse of Column Two code with Column One code
33900,64451,,20230101,*,0,Standards of medical/surgical practice
33900,64454,,20230101,*,0,Standards of medical/surgical practice
33900,64461,,20230101,*,0,Misuse of Column Two code with Column One code
33900,64462,,20230101,*,0,Misuse of Column Two code with Column One code
33900,64463,,20230101,*,0,Misuse of Column Two code with Column One code
33900,64479,,20230101,*,0,Misuse of Column Two code with Column One code
33900,64480,,20230101,*,0,Misuse of Column Two code with Column One code
33900,64483,,20230101,*,0,Misuse of Column Two code with Column One code
33900,64484,,20230101,*,0,Misuse of Column Two code with Column One code
33900,64486,,20230101,*,0,Misuse of Column Two code with Column One code
33900,64487,,20230101,*,0,Misuse of Column Two code with Column One code
33900,64488,,20230101,*,0,Misuse of Column Two code with Column One code
33900,64489,,20230101,*,0,Misuse of Column Two code with Column One code
33900,64490,,20230101,*,0,Misuse of Column Two code with Column One code
33900,64491,,20230101,*,0,Misuse of Column Two code with Column One code
33900,64492,,20230101,*,0,Misuse of Column Two code with Column One code
33900,64493,,20230101,*,0,Misuse of Column Two code with Column One code
33900,64494,,20230101,*,0,Misuse of Column Two code with Column One code
33900,64495,,20230101,*,0,Misuse of Column Two code with Column One code
33900,64505,,20230101,*,0,Misuse of Column Two code with Column One code
33900,64510,,20230101,*,0,Misuse of Column Two code with Column One code
33900,64517,,20230101,*,0,Misuse of Column Two code with Column One code
33900,64520,,20230101,*,0,Misuse of Column Two code with Column One code
33900,64530,,20230101,*,0,Misuse of Column Two code with Column One code
33900,69990,,20230101,*,0,Misuse of Column Two code with Column One code
33900,93050,,20230101,*,0,CPT Manual or CMS manual coding instruction
33900,93355,,20230101,*,0,Misuse of Column Two code with Column One code
33900,96523,,20230101,*,0,CPT Manual or CMS manual coding instruction
33900,99155,,20230101,*,0,Misuse of Column Two code with Column One code
33900,99156,,20230101,*,0,Misuse of Column Two code with Column One code
33900,99157,,20230101,*,0,Misuse of Column Two code with Column One code
33900,99446,,20230101,*,0,CPT Manual or CMS manual coding instruction
33900,99447,,20230101,*,0,CPT Manual or CMS manual coding instruction
33900,99448,,20230101,*,0,CPT Manual or CMS manual coding instruction
33900,99449,,20230101,*,0,CPT Manual or CMS manual coding instruction
33900,99451,,20230101,*,0,CPT Manual or CMS manual coding instruction
33900,99452,,20230101,*,0,CPT Manual or CMS manual coding instruction
33901,01924,,20230101,*,0,Anesthesia service included in surgical procedure
33901,01925,,20230101,*,0,Anesthesia service included in surgical procedure
33901,01926,,20230101,*,0,Anesthesia service included in surgical procedure
33901,0213T,,20230101,*,0,Misuse of Column Two code with Column One code
33901,0216T,,20230101,*,0,Misuse of Column Two code with Column One code
33901,33210,,20230101,*,0,CPT Separate procedure definition
33901,33211,,20230101,*,0,CPT Separate procedure definition
33901,36591,,20230101,*,0,CPT Manual or CMS manual coding instruction
33901,36592,,20230101,*,0,CPT Manual or CMS manual coding instruction
33901,62320,,20230101,*,0,Misuse of Column Two code with Column One code
33901,62321,,20230101,*,0,Misuse of Column Two code with Column One code
33901,62322,,20230101,*,0,Misuse of Column Two code with Column One code
33901,62323,,20230101,*,0,Misuse of Column Two code with Column One code
33901,62324,,20230101,*,0,Misuse of Column Two code with Column One code
33901,62325,,20230101,*,0,Misuse of Column Two code with Column One code
33901,62326,,20230101,*,0,Misuse of Column Two code with Column One code
33901,62327,,20230101,*,0,Misuse of Column Two code with Column One code
33901,64400,,20230101,*,0,Misuse of Column Two code with Column One code
33901,64405,,20230101,*,0,Misuse of Column Two code with Column One code
33901,64408,,20230101,*,0,Misuse of Column Two code with Column One code
33901,64415,,20230101,*,0,Misuse of Column Two code with Column One code
33901,64416,,20230101,*,0,Misuse of Column Two code with Column One code
33901,64417,,20230101,*,0,Misuse of Column Two code with Column One code
33901,64418,,20230101,*,0,Misuse of Column Two code with Column One code
33901,64420,,20230101,*,0,Misuse of Column Two code with Column One code
33901,64421,,20230101,*,0,Misuse of Column Two code with Column One code
33901,64425,,20230101,*,0,Misuse of Column Two code with Column One code
33901,64430,,20230101,*,0,Misuse of Column Two code with Column One code
33901,64435,,20230101,*,0,Misuse of Column Two code with Column One code
33901,64445,,20230101,*,0,Misuse of Column Two code with Column One code
33901,64446,,20230101,*,0,Misuse of Column Two code with Column One code
33901,64447,,20230101,*,0,Misuse of Column Two code with Column One code
33901,64448,,20230101,*,0,Misuse of Column Two code with Column One code
33901,64449,,20230101,*,0,Misuse of Column Two code with Column One code
33901,64450,,20230101,*,0,Misuse of Column Two code with Column One code
33901,64451,,20230101,*,0,Standards of medical/surgical practice
33901,64454,,20230101,*,0,Standards of medical/surgical practice
33901,64461,,20230101,*,0,Misuse of Column Two code with Column One code
33901,64462,,20230101,*,0,Misuse of Column Two code with Column One code
33901,64463,,20230101,*,0,Misuse of Column Two code with Column One code
33901,64479,,20230101,*,0,Misuse of Column Two code with Column One code
33901,64480,,20230101,*,0,Misuse of Column Two code with Column One code
33901,64483,,20230101,*,0,Misuse of Column Two code with Column One code
33901,64484,,20230101,*,0,Misuse of Column Two code with Column One code
33901,64486,,20230101,*,0,Misuse of Column Two code with Column One code
33901,64487,,20230101,*,0,Misuse of Column Two code with Column One code
33901,64488,,20230101,*,0,Misuse of Column Two code with Column One code
33901,64489,,20230101,*,0,Misuse of Column Two code with Column One code
33901,64490,,20230101,*,0,Misuse of Column Two code with Column One code
33901,64491,,20230101,*,0,Misuse of Column Two code with Column One code
33901,64492,,20230101,*,0,Misuse of Column Two code with Column One code
33901,64493,,20230101,*,0,Misuse of Column Two code with Column One code
33901,64494,,20230101,*,0,Misuse of Column Two code with Column One code
33901,64495,,20230101,*,0,Misuse of Column Two code with Column One code
33901,64505,,20230101,*,0,Misuse of Column Two code with Column One code
33901,64510,,20230101,*,0,Misuse of Column Two code with Column One code
33901,64517,,20230101,*,0,Misuse of Column Two code with Column One code
33901,64520,,20230101,*,0,Misuse of Column Two code with Column One code
33901,64530,,20230101,*,0,Misuse of Column Two code with Column One code
33901,69990,,20230101,*,0,Misuse of Column Two code with Column One code
33901,93050,,20230101,*,0,CPT Manual or CMS manual coding instruction
33901,93355,,20230101,*,0,Misuse of Column Two code with Column One code
33901,96523,,20230101,*,0,CPT Manual or CMS manual coding instruction
33901,99155,,20230101,*,0,Misuse of Column Two code with Column One code
33901,99156,,20230101,*,0,Misuse of Column Two code with Column One code
33901,99157,,20230101,*,0,Misuse of Column Two code with Column One code
33901,99446,,20230101,*,0,CPT Manual or CMS manual coding instruction
33901,99447,,20230101,*,0,CPT Manual or CMS manual coding instruction
33901,99448,,20230101,*,0,CPT Manual or CMS manual coding instruction
33901,99449,,20230101,*,0,CPT Manual or CMS manual coding instruction
33901,99451,,20230101,*,0,CPT Manual or CMS manual coding instruction
33901,99452,,20230101,*,0,CPT Manual or CMS manual coding instruction
33902,01924,,20230101,*,0,Anesthesia service included in surgical procedure
33902,01925,,20230101,*,0,Anesthesia service included in surgical procedure
33902,01926,,20230101,*,0,Anesthesia service included in surgical procedure
33902,0213T,,20230101,*,0,Misuse of Column Two code with Column One code
33902,0216T,,20230101,*,0,Misuse of Column Two code with Column One code
33902,33210,,20230101,*,0,CPT Separate procedure definition
33902,33211,,20230101,*,0,CPT Separate procedure definition
33902,36591,,20230101,*,0,CPT Manual or CMS manual coding instruction
33902,36592,,20230101,*,0,CPT Manual or CMS manual coding instruction
33902,62320,,20230101,*,0,Misuse of Column Two code with Column One code
33902,62321,,20230101,*,0,Misuse of Column Two code with Column One code
33902,62322,,20230101,*,0,Misuse of Column Two code with Column One code
33902,62323,,20230101,*,0,Misuse of Column Two code with Column One code
33902,62324,,20230101,*,0,Misuse of Column Two code with Column One code
33902,62325,,20230101,*,0,Misuse of Column Two code with Column One code
33902,62326,,20230101,*,0,Misuse of Column Two code with Column One code
33902,62327,,20230101,*,0,Misuse of Column Two code with Column One code
33902,64400,,20230101,*,0,Misuse of Column Two code with Column One code
33902,64405,,20230101,*,0,Misuse of Column Two code with Column One code
33902,64408,,20230101,*,0,Misuse of Column Two code with Column One code
33902,64415,,20230101,*,0,Misuse of Column Two code with Column One code
33902,64416,,20230101,*,0,Misuse of Column Two code with Column One code
33902,64417,,20230101,*,0,Misuse of Column Two code with Column One code
33902,64418,,20230101,*,0,Misuse of Column Two code with Column One code
33902,64420,,20230101,*,0,Misuse of Column Two code with Column One code
33902,64421,,20230101,*,0,Misuse of Column Two code with Column One code
33902,64425,,20230101,*,0,Misuse of Column Two code with Column One code
33902,64430,,20230101,*,0,Misuse of Column Two code with Column One code
33902,64435,,20230101,*,0,Misuse of Column Two code with Column One code
33902,64445,,20230101,*,0,Misuse of Column Two code with Column One code
33902,64446,,20230101,*,0,Misuse of Column Two code with Column One code
33902,64447,,20230101,*,0,Misuse of Column Two code with Column One code
33902,64448,,20230101,*,0,Misuse of Column Two code with Column One code
33902,64449,,20230101,*,0,Misuse of Column Two code with Column One code
33902,64450,,20230101,*,0,Misuse of Column Two code with Column One code
33902,64451,,20230101,*,0,Standards of medical/surgical practice
33902,64454,,20230101,*,0,Standards of medical/surgical practice
33902,64461,,20230101,*,0,Misuse of Column Two code with Column One code
33902,64462,,20230101,*,0,Misuse of Column Two code with Column One code
33902,64463,,20230101,*,0,Misuse of Column Two code with Column One code
33902,64479,,20230101,*,0,Misuse of Column Two code with Column One code
33902,64480,,20230101,*,0,Misuse of Column Two code with Column One code
33902,64483,,20230101,*,0,Misuse of Column Two code with Column One code
33902,64484,,20230101,*,0,Misuse of Column Two code with Column One code
33902,64486,,20230101,*,0,Misuse of Column Two code with Column One code
33902,64487,,20230101,*,0,Misuse of Column Two code with Column One code
33902,64488,,20230101,*,0,Misuse of Column Two code with Column One code
33902,64489,,20230101,*,0,Misuse of Column Two code with Column One code
33902,64490,,20230101,*,0,Misuse of Column Two code with Column One code
33902,64491,,20230101,*,0,Misuse of Column Two code with Column One code
33902,64492,,20230101,*,0,Misuse of Column Two code with Column One code
33902,64493,,20230101,*,0,Misuse of Column Two code with Column One code
33902,64494,,20230101,*,0,Misuse of Column Two code with Column One code
33902,64495,,20230101,*,0,Misuse of Column Two code with Column One code
33902,64505,,20230101,*,0,Misuse of Column Two code with Column One code
33902,64510,,20230101,*,0,Misuse of Column Two code with Column One code
33902,64517,,20230101,*,0,Misuse of Column Two code with Column One code
33902,64520,,20230101,*,0,Misuse of Column Two code with Column One code
33902,64530,,20230101,*,0,Misuse of Column Two code with Column One code
33902,69990,,20230101,*,0,Misuse of Column Two code with Column One code
33902,93050,,20230101,*,0,CPT Manual or CMS manual coding instruction
33902,93355,,20230101,*,0,Misuse of Column Two code with Column One code
33902,96523,,20230101,*,0,CPT Manual or CMS manual coding instruction
33902,99155,,20230101,*,0,Misuse of Column Two code with Column One code
33902,99156,,20230101,*,0,Misuse of Column Two code with Column One code
33902,99157,,20230101,*,0,Misuse of Column Two code with Column One code
33902,99446,,20230101,*,0,CPT Manual or CMS manual coding instruction
33902,99447,,20230101,*,0,CPT Manual or CMS manual coding instruction
33902,99448,,20230101,*,0,CPT Manual or CMS manual coding instruction
33902,99449,,20230101,*,0,CPT Manual or CMS manual coding instruction
33902,99451,,20230101,*,0,CPT Manual or CMS manual coding instruction
33902,99452,,20230101,*,0,CPT Manual or CMS manual coding instruction
33903,01924,,20230101,*,0,Anesthesia service included in surgical procedure
33903,01925,,20230101,*,0,Anesthesia service included in surgical procedure
33903,01926,,20230101,*,0,Anesthesia service included in surgical procedure
33903,0213T,,20230101,*,0,Misuse of Column Two code with Column One code
33903,0216T,,20230101,*,0,Misuse of Column Two code with Column One code
33903,33210,,20230101,*,0,CPT Separate procedure definition
33903,33211,,20230101,*,0,CPT Separate procedure definition
33903,36591,,20230101,*,0,CPT Manual or CMS manual coding instruction
33903,36592,,20230101,*,0,CPT Manual or CMS manual coding instruction
33903,62320,,20230101,*,0,Misuse of Column Two code with Column One code
33903,62321,,20230101,*,0,Misuse of Column Two code with Column One code
33903,62322,,20230101,*,0,Misuse of Column Two code with Column One code
33903,62323,,20230101,*,0,Misuse of Column Two code with Column One code
33903,62324,,20230101,*,0,Misuse of Column Two code with Column One code
33903,62325,,20230101,*,0,Misuse of Column Two code with Column One code
33903,62326,,20230101,*,0,Misuse of Column Two code with Column One code
33903,62327,,20230101,*,0,Misuse of Column Two code with Column One code
33903,64400,,20230101,*,0,Misuse of Column Two code with Column One code
33903,64405,,20230101,*,0,Misuse of Column Two code with Column One code
33903,64408,,20230101,*,0,Misuse of Column Two code with Column One code
33903,64415,,20230101,*,0,Misuse of Column Two code with Column One code
33903,64416,,20230101,*,0,Misuse of Column Two code with Column One code
33903,64417,,20230101,*,0,Misuse of Column Two code with Column One code
33903,64418,,20230101,*,0,Misuse of Column Two code with Column One code
33903,64420,,20230101,*,0,Misuse of Column Two code with Column One code
33903,64421,,20230101,*,0,Misuse of Column Two code with Column One code
33903,64425,,20230101,*,0,Misuse of Column Two code with Column One code
33903,64430,,20230101,*,0,Misuse of Column Two code with Column One code
33903,64435,,20230101,*,0,Misuse of Column Two code with Column One code
33903,64445,,20230101,*,0,Misuse of Column Two code with Column One code
33903,64446,,20230101,*,0,Misuse of Column Two code with Column One code
33903,64447,,20230101,*,0,Misuse of Column Two code with Column One code
33903,64448,,20230101,*,0,Misuse of Column Two code with Column One code
33903,64449,,20230101,*,0,Misuse of Column Two code with Column One code
33903,64450,,20230101,*,0,Misuse of Column Two code with Column One code
33903,64451,,20230101,*,0,Standards of medical/surgical practice
33903,64454,,20230101,*,0,Standards of medical/surgical practice
33903,64461,,20230101,*,0,Misuse of Column Two code with Column One code
33903,64462,,20230101,*,0,Misuse of Column Two code with Column One code
33903,64463,,20230101,*,0,Misuse of Column Two code with Column One code
33903,64479,,20230101,*,0,Misuse of Column Two code with Column One code
33903,64480,,20230101,*,0,Misuse of Column Two code with Column One code
33903,64483,,20230101,*,0,Misuse of Column Two code with Column One code
33903,64484,,20230101,*,0,Misuse of Column Two code with Column One code
33903,64486,,20230101,*,0,Misuse of Column Two code with Column One code
33903,64487,,20230101,*,0,Misuse of Column Two code with Column One code
33903,64488,,20230101,*,0,Misuse of Column Two code with Column One code
33903,64489,,20230101,*,0,Misuse of Column Two code with Column One code
33903,64490,,20230101,*,0,Misuse of Column Two code with Column One code
33903,64491,,20230101,*,0,Misuse of Column Two code with Column One code
33903,64492,,20230101,*,0,Misuse of Column Two code with Column One code
33903,64493,,20230101,*,0,Misuse of Column Two code with Column One code
33903,64494,,20230101,*,0,Misuse of Column Two code with Column One code
33903,64495,,20230101,*,0,Misuse of Column Two code with Column One code
33903,64505,,20230101,*,0,Misuse of Column Two code with Column One code
33903,64510,,20230101,*,0,Misuse of Column Two code with Column One code
33903,64517,,20230101,*,0,Misuse of Column Two code with Column One code
33903,64520,,20230101,*,0,Misuse of Column Two code with Column One code
33903,64530,,20230101,*,0,Misuse of Column Two code with Column One code
33903,69990,,20230101,*,0,Misuse of Column Two code with Column One code
33903,93050,,20230101,*,0,CPT Manual or CMS manual coding instruction
33903,93355,,20230101,*,0,Misuse of Column Two code with Column One code
33903,96523,,20230101,*,0,CPT Manual or CMS manual coding instruction
33903,99155,,20230101,*,0,Misuse of Column Two code with Column One code
33903,99156,,20230101,*,0,Misuse of Column Two code with Column One code
33903,99157,,20230101,*,0,Misuse of Column Two code with Column One code
33903,99446,,20230101,*,0,CPT Manual or CMS manual coding instruction
33903,99447,,20230101,*,0,CPT Manual or CMS manual coding instruction
33903,99448,,20230101,*,0,CPT Manual or CMS manual coding instruction
33903,99449,,20230101,*,0,CPT Manual or CMS manual coding instruction
33903,99451,,20230101,*,0,CPT Manual or CMS manual coding instruction
33903,99452,,20230101,*,0,CPT Manual or CMS manual coding instruction
33904,0213T,,20230101,*,0,Misuse of Column Two code with Column One code
33904,0216T,,20230101,*,0,Misuse of Column Two code with Column One code
33904,36591,,20230101,*,0,CPT Manual or CMS manual coding instruction
33904,36592,,20230101,*,0,CPT Manual or CMS manual coding instruction
33904,62320,,20230101,*,0,Misuse of Column Two code with Column One code
33904,62321,,20230101,*,0,Misuse of Column Two code with Column One code
33904,62322,,20230101,*,0,Misuse of Column Two code with Column One code
33904,62323,,20230101,*,0,Misuse of Column Two code with Column One code
33904,62324,,20230101,*,0,Misuse of Column Two code with Column One code
33904,62325,,20230101,*,0,Misuse of Column Two code with Column One code
33904,62326,,20230101,*,0,Misuse of Column Two code with Column One code
33904,62327,,20230101,*,0,Misuse of Column Two code with Column One code
33904,64400,,20230101,*,0,Misuse of Column Two code with Column One code
33904,64405,,20230101,*,0,Misuse of Column Two code with Column One code
33904,64408,,20230101,*,0,Misuse of Column Two code with Column One code
33904,64415,,20230101,*,0,Misuse of Column Two code with Column One code
33904,64416,,20230101,*,0,Misuse of Column Two code with Column One code
33904,64417,,20230101,*,0,Misuse of Column Two code with Column One code
33904,64418,,20230101,*,0,Misuse of Column Two code with Column One code
33904,64420,,20230101,*,0,Misuse of Column Two code with Column One code
33904,64421,,20230101,*,0,Misuse of Column Two code with Column One code
33904,64425,,20230101,*,0,Misuse of Column Two code with Column One code
33904,64430,,20230101,*,0,Misuse of Column Two code with Column One code
33904,64435,,20230101,*,0,Misuse of Column Two code with Column One code
33904,64445,,20230101,*,0,Misuse of Column Two code with Column One code
33904,64446,,20230101,*,0,Misuse of Column Two code with Column One code
33904,64447,,20230101,*,0,Misuse of Column Two code with Column One code
33904,64448,,20230101,*,0,Misuse of Column Two code with Column One code
33904,64449,,20230101,*,0,Misuse of Column Two code with Column One code
33904,64450,,20230101,*,0,Misuse of Column Two code with Column One code
33904,64461,,20230101,*,0,Misuse of Column Two code with Column One code
33904,64462,,20230101,*,0,Misuse of Column Two code with Column One code
33904,64463,,20230101,*,0,Misuse of Column Two code with Column One code
33904,64479,,20230101,*,0,Misuse of Column Two code with Column One code
33904,64480,,20230101,*,0,Misuse of Column Two code with Column One code
33904,64483,,20230101,*,0,Misuse of Column Two code with Column One code
33904,64484,,20230101,*,0,Misuse of Column Two code with Column One code
33904,64486,,20230101,*,0,Misuse of Column Two code with Column One code
33904,64487,,20230101,*,0,Misuse of Column Two code with Column One code
33904,64488,,20230101,*,0,Misuse of Column Two code with Column One code
33904,64489,,20230101,*,0,Misuse of Column Two code with Column One code
33904,64490,,20230101,*,0,Misuse of Column Two code with Column One code
33904,64491,,20230101,*,0,Misuse of Column Two code with Column One code
33904,64492,,20230101,*,0,Misuse of Column Two code with Column One code
33904,64493,,20230101,*,0,Misuse of Column Two code with Column One code
33904,64494,,20230101,*,0,Misuse of Column Two code with Column One code
33904,64495,,20230101,*,0,Misuse of Column Two code with Column One code
33904,64505,,20230101,*,0,Misuse of Column Two code with Column One code
33904,64510,,20230101,*,0,Misuse of Column Two code with Column One code
33904,64517,,20230101,*,0,Misuse of Column Two code with Column One code
33904,64520,,20230101,*,0,Misuse of Column Two code with Column One code
33904,64530,,20230101,*,0,Misuse of Column Two code with Column One code
33904,69990,,20230101,*,0,Misuse of Column Two code with Column One code
33904,96523,,20230101,*,0,CPT Manual or CMS manual coding instruction
33904,99155,,20230101,*,0,Misuse of Column Two code with Column One code
33904,99156,,20230101,*,0,Misuse of Column Two code with Column One code
33904,99157,,20230101,*,0,Misuse of Column Two code with Column One code
33910,64466,,20250701,*,0,Misuse of Column Two code with Column One code
33910,64467,,20250701,*,0,Misuse of Column Two code with Column One code
33910,64468,,20250701,*,0,Misuse of Column Two code with Column One code
33910,64469,,20250701,*,0,Misuse of Column Two code with Column One code
33915,64466,,20250701,*,0,Misuse of Column Two code with Column One code
33915,64467,,20250701,*,0,Misuse of Column Two code with Column One code
33915,64468,,20250701,*,0,Misuse of Column Two code with Column One code
33915,64469,,20250701,*,0,Misuse of Column Two code with Column One code
33916,64466,,20250701,*,0,Misuse of Column Two code with Column One code
33916,64467,,20250701,*,0,Misuse of Column Two code with Column One code
33916,64468,,20250701,*,0,Misuse of Column Two code with Column One code
33916,64469,,20250701,*,0,Misuse of Column Two code with Column One code
33917,64466,,20250701,*,0,Misuse of Column Two code with Column One code
33917,64467,,20250701,*,0,Misuse of Column Two code with Column One code
33917,64468,,20250701,*,0,Misuse of Column Two code with Column One code
33917,64469,,20250701,*,0,Misuse of Column Two code with Column One code
33920,64466,,20250701,*,0,Misuse of Column Two code with Column One code
33920,64467,,20250701,*,0,Misuse of Column Two code with Column One code
33920,64468,,20250701,*,0,Misuse of Column Two code with Column One code
33920,64469,,20250701,*,0,Misuse of Column Two code with Column One code
33922,64466,,20250701,*,0,Misuse of Column Two code with Column One code
33922,64467,,20250701,*,0,Misuse of Column Two code with Column One code
33922,64468,,20250701,*,0,Misuse of Column Two code with Column One code
33922,64469,,20250701,*,0,Misuse of Column Two code with Column One code
33925,64466,,20250701,*,0,Misuse of Column Two code with Column One code
33925,64467,,20250701,*,0,Misuse of Column Two code with Column One code
33925,64468,,20250701,*,0,Misuse of Column Two code with Column One code
33925,64469,,20250701,*,0,Misuse of Column Two code with Column One code
33926,64466,,20250701,*,0,Misuse of Column Two code with Column One code
33926,64467,,20250701,*,0,Misuse of Column Two code with Column One code
33926,64468,,20250701,*,0,Misuse of Column Two code with Column One code
33926,64469,,20250701,*,0,Misuse of Column Two code with Column One code
33927,64466,,20250701,*,0,Misuse of Column Two code with Column One code
33927,64467,,20250701,*,0,Misuse of Column Two code with Column One code
33927,64468,,20250701,*,0,Misuse of Column Two code with Column One code
33927,64469,,20250701,*,0,Misuse of Column Two code with Column One code
33928,64466,,20250701,*,0,Misuse of Column Two code with Column One code
33928,64467,,20250701,*,0,Misuse of Column Two code with Column One code
33928,64468,,20250701,*,0,Misuse of Column Two code with Column One code
33928,64469,,20250701,*,0,Misuse of Column Two code with Column One code
33930,64466,,20250401,*,0,Anesthesia service included in surgical procedure
33930,64467,,20250401,*,0,Anesthesia service included in surgical procedure
33930,64468,,20250401,*,0,Anesthesia service included in surgical procedure
33930,64469,,20250401,*,0,Anesthesia service included in surgical procedure
33930,64473,,20250401,*,0,Misuse of Column Two code with Column One code
33930,64474,,20250401,*,0,Misuse of Column Two code with Column One code
33933,64466,,20250401,*,0,Anesthesia service included in surgical procedure
33933,64467,,20250401,*,0,Anesthesia service included in surgical procedure
33933,64468,,20250401,*,0,Anesthesia service included in surgical procedure
33933,64469,,20250401,*,0,Anesthesia service included in surgical procedure
33935,64466,,20250701,*,0,Misuse of Column Two code with Column One code
33935,64467,,20250701,*,0,Misuse of Column Two code with Column One code
33935,64468,,20250701,*,0,Misuse of Column Two code with Column One code
33935,64469,,20250701,*,0,Misuse of Column Two code with Column One code
33940,64466,,20250401,*,0,Anesthesia service included in surgical procedure
33940,64467,,20250401,*,0,Anesthesia service included in surgical procedure
33940,64468,,20250401,*,0,Anesthesia service included in surgical procedure
33940,64469,,20250401,*,0,Anesthesia service included in surgical procedure
33940,64473,,20250401,*,0,Misuse of Column Two code with Column One code
33940,64474,,20250401,*,0,Misuse of Column Two code with Column One code
33944,64466,,20250401,*,0,Anesthesia service included in surgical procedure
33944,64467,,20250401,*,0,Anesthesia service included in surgical procedure
33944,64468,,20250401,*,0,Anesthesia service included in surgical procedure
33944,64469,,20250401,*,0,Anesthesia service included in surgical procedure
33945,64466,,20250701,*,0,Misuse of Column Two code with Column One code
33945,64467,,20250701,*,0,Misuse of Column Two code with Column One code
33945,64468,,20250701,*,0,Misuse of Column Two code with Column One code
33945,64469,,20250701,*,0,Misuse of Column Two code with Column One code
33955,64466,,20250701,*,0,Misuse of Column Two code with Column One code
33955,64467,,20250701,*,0,Misuse of Column Two code with Column One code
33955,64468,,20250701,*,0,Misuse of Column Two code with Column One code
33955,64469,,20250701,*,0,Misuse of Column Two code with Column One code
33956,64466,,20250701,*,0,Misuse of Column Two code with Column One code
33956,64467,,20250701,*,0,Misuse of Column Two code with Column One code
33956,64468,,20250701,*,0,Misuse of Column Two code with Column One code
33956,64469,,20250701,*,0,Misuse of Column Two code with Column One code
33963,64466,,20250701,*,0,Misuse of Column Two code with Column One code
33963,64467,,20250701,*,0,Misuse of Column Two code with Column One code
33963,64468,,20250701,*,0,Misuse of Column Two code with Column One code
33963,64469,,20250701,*,0,Misuse of Column Two code with Column One code
33964,64466,,20250701,*,0,Misuse of Column Two code with Column One code
33964,64467,,20250701,*,0,Misuse of Column Two code with Column One code
33964,64468,,20250701,*,0,Misuse of Column Two code with Column One code
33964,64469,,20250701,*,0,Misuse of Column Two code with Column One code
33973,64466,,20250701,*,0,Misuse of Column Two code with Column One code
33973,64467,,20250701,*,0,Misuse of Column Two code with Column One code
33973,64468,,20250701,*,0,Misuse of Column Two code with Column One code
33973,64469,,20250701,*,0,Misuse of Column Two code with Column One code
33974,64466,,20250701,*,0,Misuse of Column Two code with Column One code
33974,64467,,20250701,*,0,Misuse of Column Two code with Column One code
33974,64468,,20250701,*,0,Misuse of Column Two code with Column One code
33974,64469,,20250701,*,0,Misuse of Column Two code with Column One code
33975,64466,,20250701,*,0,Anesthesia service included in surgical procedure
33975,64467,,20250701,*,0,Anesthesia service included in surgical procedure
33975,64468,,20250701,*,0,Anesthesia service included in surgical procedure
33975,64469,,20250701,*,0,Anesthesia service included in surgical procedure
33976,64466,,20250701,*,0,Anesthesia service included in surgical procedure
33976,64467,,20250701,*,0,Anesthesia service included in surgical procedure
33976,64468,,20250701,*,0,Anesthesia service included in surgical procedure
33976,64469,,20250701,*,0,Anesthesia service included in surgical procedure
33977,64466,,20250701,*,0,Anesthesia service included in surgical procedure
33977,64467,,20250701,*,0,Anesthesia service included in surgical procedure
33977,64468,,20250701,*,0,Anesthesia service included in surgical procedure
33977,64469,,20250701,*,0,Anesthesia service included in surgical procedure
33978,64466,,20250701,*,0,Anesthesia service included in surgical procedure
33978,64467,,20250701,*,0,Anesthesia service included in surgical procedure
33978,64468,,20250701,*,0,Anesthesia service included in surgical procedure
33978,64469,,20250701,*,0,Anesthesia service included in surgical procedure
33979,64466,,20250701,*,0,Anesthesia service included in surgical procedure
33979,64467,,20250701,*,0,Anesthesia service included in surgical procedure
33979,64468,,20250701,*,0,Anesthesia service included in surgical procedure
33979,64469,,20250701,*,0,Anesthesia service included in surgical procedure
33980,64466,,20250701,*,0,Anesthesia service included in surgical procedure
33980,64467,,20250701,*,0,Anesthesia service included in surgical procedure
33980,64468,,20250701,*,0,Anesthesia service included in surgical procedure
33980,64469,,20250701,*,0,Anesthesia service included in surgical procedure
33981,64466,,20250701,*,0,Misuse of Column Two code with Column One code
33981,64467,,20250701,*,0,Misuse of Column Two code with Column One code
33981,64468,,20250701,*,0,Misuse of Column Two code with Column One code
33981,64469,,20250701,*,0,Misuse of Column Two code with Column One code
33982,64466,,20250701,*,0,Misuse of Column Two code with Column One code
33982,64467,,20250701,*,0,Misuse of Column Two code with Column One code
33982,64468,,20250701,*,0,Misuse of Column Two code with Column One code
33982,64469,,20250701,*,0,Misuse of Column Two code with Column One code
33983,64466,,20250701,*,0,Misuse of Column Two code with Column One code
33983,64467,,20250701,*,0,Misuse of Column Two code with Column One code
33983,64468,,20250701,*,0,Misuse of Column Two code with Column One code
33983,64469,,20250701,*,0,Misuse of Column Two code with Column One code
33985,64466,,20250701,*,0,Misuse of Column Two code with Column One code
33985,64467,,20250701,*,0,Misuse of Column Two code with Column One code
33985,64468,,20250701,*,0,Misuse of Column Two code with Column One code
33985,64469,,20250701,*,0,Misuse of Column Two code with Column One code
33986,64466,,20250701,*,0,Misuse of Column Two code with Column One code
33986,64467,,20250701,*,0,Misuse of Column Two code with Column One code
33986,64468,,20250701,*,0,Misuse of Column Two code with Column One code
33986,64469,,20250701,*,0,Misuse of Column Two code with Column One code
33988,64466,,20250701,*,0,Misuse of Column Two code with Column One code
33988,64467,,20250701,*,0,Misuse of Column Two code with Column One code
33988,64468,,20250701,*,0,Misuse of Column Two code with Column One code
33988,64469,,20250701,*,0,Misuse of Column Two code with Column One code
33989,64466,,20250701,*,0,Misuse of Column Two code with Column One code
33989,64467,,20250701,*,0,Misuse of Column Two code with Column One code
33989,64468,,20250701,*,0,Misuse of Column Two code with Column One code
33989,64469,,20250701,*,0,Misuse of Column Two code with Column One code
34051,64466,,20250701,*,0,Misuse of Column Two code with Column One code
34051,64467,,20250701,*,0,Misuse of Column Two code with Column One code
34051,64468,,20250701,*,0,Misuse of Column Two code with Column One code
34051,64469,,20250701,*,0,Misuse of Column Two code with Column One code
34502,64466,,20250701,*,0,Misuse of Column Two code with Column One code
34502,64467,,20250701,*,0,Misuse of Column Two code with Column One code
34502,64468,,20250701,*,0,Misuse of Column Two code with Column One code
34502,64469,,20250701,*,0,Misuse of Column Two code with Column One code
35021,64466,,20250701,*,0,Misuse of Column Two code with Column One code
35021,64467,,20250701,*,0,Misuse of Column Two code with Column One code
35021,64468,,20250701,*,0,Misuse of Column Two code with Column One code
35021,64469,,20250701,*,0,Misuse of Column Two code with Column One code
35022,64466,,20250701,*,0,Misuse of Column Two code with Column One code
35022,64467,,20250701,*,0,Misuse of Column Two code with Column One code
35022,64468,,20250701,*,0,Misuse of Column Two code with Column One code
35022,64469,,20250701,*,0,Misuse of Column Two code with Column One code
35182,64468,,20250701,*,0,Misuse of Column Two code with Column One code
35182,64469,,20250701,*,0,Misuse of Column Two code with Column One code
35189,64468,,20250701,*,0,Misuse of Column Two code with Column One code
35189,64469,,20250701,*,0,Misuse of Column Two code with Column One code
35211,64466,,20250701,*,0,Misuse of Column Two code with Column One code
35211,64467,,20250701,*,0,Misuse of Column Two code with Column One code
35211,64468,,20250701,*,0,Misuse of Column Two code with Column One code
35211,64469,,20250701,*,0,Misuse of Column Two code with Column One code
35216,64466,,20250701,*,0,Misuse of Column Two code with Column One code
35216,64467,,20250701,*,0,Misuse of Column Two code with Column One code
35216,64468,,20250701,*,0,Misuse of Column Two code with Column One code
35216,64469,,20250701,*,0,Misuse of Column Two code with Column One code
35241,64466,,20250701,*,0,Misuse of Column Two code with Column One code
35241,64467,,20250701,*,0,Misuse of Column Two code with Column One code
35241,64468,,20250701,*,0,Misuse of Column Two code with Column One code
35241,64469,,20250701,*,0,Misuse of Column Two code with Column One code
35246,64466,,20250701,*,0,Misuse of Column Two code with Column One code
35246,64467,,20250701,*,0,Misuse of Column Two code with Column One code
35246,64468,,20250701,*,0,Misuse of Column Two code with Column One code
35246,64469,,20250701,*,0,Misuse of Column Two code with Column One code
35271,64466,,20250701,*,0,Misuse of Column Two code with Column One code
35271,64467,,20250701,*,0,Misuse of Column Two code with Column One code
35271,64468,,20250701,*,0,Misuse of Column Two code with Column One code
35271,64469,,20250701,*,0,Misuse of Column Two code with Column One code
35276,64466,,20250701,*,0,Misuse of Column Two code with Column One code
35276,64467,,20250701,*,0,Misuse of Column Two code with Column One code
35276,64468,,20250701,*,0,Misuse of Column Two code with Column One code
35276,64469,,20250701,*,0,Misuse of Column Two code with Column One code
35820,64466,,20250701,*,0,Misuse of Column Two code with Column One code
35820,64467,,20250701,*,0,Misuse of Column Two code with Column One code
35820,64468,,20250701,*,0,Misuse of Column Two code with Column One code
35820,64469,,20250701,*,0,Misuse of Column Two code with Column One code
35905,64466,,20250701,*,0,Misuse of Column Two code with Column One code
35905,64467,,20250701,*,0,Misuse of Column Two code with Column One code
35905,64468,,20250701,*,0,Misuse of Column Two code with Column One code
35905,64469,,20250701,*,0,Misuse of Column Two code with Column One code
36456,64466,,20250401,*,0,Misuse of Column Two code with Column One code
36456,64467,,20250401,*,0,Misuse of Column Two code with Column One code
36456,64468,,20250401,*,0,Misuse of Column Two code with Column One code
36456,64469,,20250401,*,0,Misuse of Column Two code with Column One code
36511,38225,,20250401,*,0,Mutually exclusive procedures
36512,38225,,20250401,*,0,Mutually exclusive procedures
36513,38225,,20250401,*,0,Mutually exclusive procedures
36514,38225,,20250401,*,0,Mutually exclusive procedures
36516,38225,,20250401,*,0,Mutually exclusive procedures
36836,01844,,20230101,*,0,Anesthesia service included in surgical procedure
36836,01924,,20230101,*,0,Misuse of Column Two code with Column One code
36836,01925,,20230101,*,0,Misuse of Column Two code with Column One code
36836,01926,,20230101,*,0,Misuse of Column Two code with Column One code
36836,0213T,,20230101,*,0,Misuse of Column Two code with Column One code
36836,0216T,,20230101,*,0,Misuse of Column Two code with Column One code
36836,36591,,20230101,*,0,CPT Manual or CMS manual coding instruction
36836,36592,,20230101,*,0,CPT Manual or CMS manual coding instruction
36836,62320,,20230101,*,0,Misuse of Column Two code with Column One code
36836,62321,,20230101,*,0,Misuse of Column Two code with Column One code
36836,62322,,20230101,*,0,Misuse of Column Two code with Column One code
36836,62323,,20230101,*,0,Misuse of Column Two code with Column One code
36836,62324,,20230101,*,0,Misuse of Column Two code with Column One code
36836,62325,,20230101,*,0,Misuse of Column Two code with Column One code
36836,62326,,20230101,*,0,Misuse of Column Two code with Column One code
36836,62327,,20230101,*,0,Misuse of Column Two code with Column One code
36836,64400,,20230101,*,0,Misuse of Column Two code with Column One code
36836,64405,,20230101,*,0,Misuse of Column Two code with Column One code
36836,64408,,20230101,*,0,Misuse of Column Two code with Column One code
36836,64415,,20230101,*,0,Misuse of Column Two code with Column One code
36836,64416,,20230101,*,0,Misuse of Column Two code with Column One code
36836,64417,,20230101,*,0,Misuse of Column Two code with Column One code
36836,64418,,20230101,*,0,Misuse of Column Two code with Column One code
36836,64420,,20230101,*,0,Misuse of Column Two code with Column One code
36836,64421,,20230101,*,0,Misuse of Column Two code with Column One code
36836,64425,,20230101,*,0,Misuse of Column Two code with Column One code
36836,64430,,20230101,*,0,Misuse of Column Two code with Column One code
36836,64435,,20230101,*,0,Misuse of Column Two code with Column One code
36836,64445,,20230101,*,0,Misuse of Column Two code with Column One code
36836,64446,,20230101,*,0,Misuse of Column Two code with Column One code
36836,64447,,20230101,*,0,Misuse of Column Two code with Column One code
36836,64448,,20230101,*,0,Misuse of Column Two code with Column One code
36836,64449,,20230101,*,0,Misuse of Column Two code with Column One code
36836,64450,,20230101,*,0,Misuse of Column Two code with Column One code
36836,64451,,20230101,*,0,Standards of medical/surgical practice
36836,64454,,20230101,*,0,Misuse of Column Two code with Column One code
36836,64461,,20230101,*,0,Misuse of Column Two code with Column One code
36836,64462,,20230101,*,0,Misuse of Column Two code with Column One code
36836,64463,,20230101,*,0,Misuse of Column Two code with Column One code
36836,64479,,20230101,*,0,Misuse of Column Two code with Column One code
36836,64480,,20230101,*,0,Misuse of Column Two code with Column One code
36836,64483,,20230101,*,0,Misuse of Column Two code with Column One code
36836,64484,,20230101,*,0,Misuse of Column Two code with Column One code
36836,64486,,20230101,*,0,Misuse of Column Two code with Column One code
36836,64487,,20230101,*,0,Misuse of Column Two code with Column One code
36836,64488,,20230101,*,0,Misuse of Column Two code with Column One code
36836,64489,,20230101,*,0,Misuse of Column Two code with Column One code
36836,64490,,20230101,*,0,Misuse of Column Two code with Column One code
36836,64491,,20230101,*,0,Misuse of Column Two code with Column One code
36836,64492,,20230101,*,0,Misuse of Column Two code with Column One code
36836,64493,,20230101,*,0,Misuse of Column Two code with Column One code
36836,64494,,20230101,*,0,Misuse of Column Two code with Column One code
36836,64495,,20230101,*,0,Misuse of Column Two code with Column One code
36836,64505,,20230101,*,0,Misuse of Column Two code with Column One code
36836,64510,,20230101,*,0,Misuse of Column Two code with Column One code
36836,64517,,20230101,*,0,Misuse of Column Two code with Column One code
36836,64520,,20230101,*,0,Misuse of Column Two code with Column One code
36836,64530,,20230101,*,0,Misuse of Column Two code with Column One code
36836,69990,,20230101,*,0,Misuse of Column Two code with Column One code
36836,96523,,20230101,*,0,CPT Manual or CMS manual coding instruction
36836,99155,,20230101,*,0,Misuse of Column Two code with Column One code
36836,99156,,20230101,*,0,Misuse of Column Two code with Column One code
36836,99157,,20230101,*,0,Misuse of Column Two code with Column One code
36836,99446,,20230101,*,0,CPT Manual or CMS manual coding instruction
36836,99447,,20230101,*,0,CPT Manual or CMS manual coding instruction
36836,99448,,20230101,*,0,CPT Manual or CMS manual coding instruction
36836,99449,,20230101,*,0,CPT Manual or CMS manual coding instruction
36836,99451,,20230101,*,0,CPT Manual or CMS manual coding instruction
36836,99452,,20230101,*,0,CPT Manual or CMS manual coding instruction
36836,99495,,20230101,*,0,CPT Manual or CMS manual coding instruction
36836,99496,,20230101,*,0,CPT Manual or CMS manual coding instruction
36837,01844,,20230101,*,0,Anesthesia service included in surgical procedure
36837,01924,,20230101,*,0,Misuse of Column Two code with Column One code
36837,01925,,20230101,*,0,Misuse of Column Two code with Column One code
36837,01926,,20230101,*,0,Misuse of Column Two code with Column One code
36837,0213T,,20230101,*,0,Misuse of Column Two code with Column One code
36837,0216T,,20230101,*,0,Misuse of Column Two code with Column One code
36837,36591,,20230101,*,0,CPT Manual or CMS manual coding instruction
36837,36592,,20230101,*,0,CPT Manual or CMS manual coding instruction
36837,62320,,20230101,*,0,Misuse of Column Two code with Column One code
36837,62321,,20230101,*,0,Misuse of Column Two code with Column One code
36837,62322,,20230101,*,0,Misuse of Column Two code with Column One code
36837,62323,,20230101,*,0,Misuse of Column Two code with Column One code
36837,62324,,20230101,*,0,Misuse of Column Two code with Column One code
36837,62325,,20230101,*,0,Misuse of Column Two code with Column One code
36837,62326,,20230101,*,0,Misuse of Column Two code with Column One code
36837,62327,,20230101,*,0,Misuse of Column Two code with Column One code
36837,64400,,20230101,*,0,Misuse of Column Two code with Column One code
36837,64405,,20230101,*,0,Misuse of Column Two code with Column One code
36837,64408,,20230101,*,0,Misuse of Column Two code with Column One code
36837,64415,,20230101,*,0,Misuse of Column Two code with Column One code
36837,64416,,20230101,*,0,Misuse of Column Two code with Column One code
36837,64417,,20230101,*,0,Misuse of Column Two code with Column One code
36837,64418,,20230101,*,0,Misuse of Column Two code with Column One code
36837,64420,,20230101,*,0,Misuse of Column Two code with Column One code
36837,64421,,20230101,*,0,Misuse of Column Two code with Column One code
36837,64425,,20230101,*,0,Misuse of Column Two code with Column One code
36837,64430,,20230101,*,0,Misuse of Column Two code with Column One code
36837,64435,,20230101,*,0,Misuse of Column Two code with Column One code
36837,64445,,20230101,*,0,Misuse of Column Two code with Column One code
36837,64446,,20230101,*,0,Misuse of Column Two code with Column One code
36837,64447,,20230101,*,0,Misuse of Column Two code with Column One code
36837,64448,,20230101,*,0,Misuse of Column Two code with Column One code
36837,64449,,20230101,*,0,Misuse of Column Two code with Column One code
36837,64450,,20230101,*,0,Misuse of Column Two code with Column One code
36837,64451,,20230101,*,0,Standards of medical/surgical practice
36837,64454,,20230101,*,0,Misuse of Column Two code with Column One code
36837,64461,,20230101,*,0,Misuse of Column Two code with Column One code
36837,64462,,20230101,*,0,Misuse of Column Two code with Column One code
36837,64463,,20230101,*,0,Misuse of Column Two code with Column One code
36837,64479,,20230101,*,0,Misuse of Column Two code with Column One code
36837,64480,,20230101,*,0,Misuse of Column Two code with Column One code
36837,64483,,20230101,*,0,Misuse of Column Two code with Column One code
36837,64484,,20230101,*,0,Misuse of Column Two code with Column One code
36837,64486,,20230101,*,0,Misuse of Column Two code with Column One code
36837,64487,,20230101,*,0,Misuse of Column Two code with Column One code
36837,64488,,20230101,*,0,Misuse of Column Two code with Column One code
36837,64489,,20230101,*,0,Misuse of Column Two code with Column One code
36837,64490,,20230101,*,0,Misuse of Column Two code with Column One code
36837,64491,,20230101,*,0,Misuse of Column Two code with Column One code
36837,64492,,20230101,*,0,Misuse of Column Two code with Column One code
36837,64493,,20230101,*,0,Misuse of Column Two code with Column One code
36837,64494,,20230101,*,0,Misuse of Column Two code with Column One code
36837,64495,,20230101,*,0,Misuse of Column Two code with Column One code
36837,64505,,20230101,*,0,Misuse of Column Two code with Column One code
36837,64510,,20230101,*,0,Misuse of Column Two code with Column One code
36837,64517,,20230101,*,0,Misuse of Column Two code with Column One code
36837,64520,,20230101,*,0,Misuse of Column Two code with Column One code
36837,64530,,20230101,*,0,Misuse of Column Two code with Column One code
36837,69990,,20230101,*,0,Misuse of Column Two code with Column One code
36837,96523,,20230101,*,0,CPT Manual or CMS manual coding instruction
36837,99155,,20230101,*,0,Misuse of Column Two code with Column One code
36837,99156,,20230101,*,0,Misuse of Column Two code with Column One code
36837,99157,,20230101,*,0,Misuse of Column Two code with Column One code
36837,99446,,20230101,*,0,CPT Manual or CMS manual coding instruction
36837,99447,,20230101,*,0,CPT Manual or CMS manual coding instruction
36837,99448,,20230101,*,0,CPT Manual or CMS manual coding instruction
36837,99449,,20230101,*,0,CPT Manual or CMS manual coding instruction
36837,99451,,20230101,*,0,CPT Manual or CMS manual coding instruction
36837,99452,,20230101,*,0,CPT Manual or CMS manual coding instruction
36837,99495,,20230101,*,0,CPT Manual or CMS manual coding instruction
36837,99496,,20230101,*,0,CPT Manual or CMS manual coding instruction
37616,64468,,20250401,*,0,Misuse of Column Two code with Column One code
37616,64469,,20250401,*,0,Misuse of Column Two code with Column One code
